id,ano,municipio,bioma,area_total,desmatado,vegetacao_natural,nao_vegetacao_natural,hidrografia
12259,2006,Santo Antônio do Içá,Amazônia,12306,130.0,11650.7,89.4,435.9
12260,2009,Santo Antônio do Içá,Amazônia,12306,133.4,11647.3,89.4,435.9
12261,2014,Santo Antônio do Içá,Amazônia,12306,137.2,11643.5,89.4,435.9
12262,2010,Santo Antônio do Içá,Amazônia,12306,134.2,11646.5,89.4,435.9
12263,2012,Santo Antônio do Içá,Amazônia,12306,137.2,11643.5,89.4,435.9
12264,2022,Santo Antônio do Içá,Amazônia,12306,147.2,11633.5,89.4,435.9
12265,2003,Santo Antônio do Içá,Amazônia,12306,127.2,11653.5,89.4,435.9
12266,2020,Santo Antônio do Içá,Amazônia,12306,143.4,11637.3,89.4,435.9
12267,2001,Santo Antônio do Içá,Amazônia,12306,125.7,11655.0,89.4,435.9
12268,2021,Santo Antônio do Içá,Amazônia,12306,145.2,11635.5,89.4,435.9
12269,2016,Santo Antônio do Içá,Amazônia,12306,138.3,11642.4,89.4,435.9
12270,2004,Santo Antônio do Içá,Amazônia,12306,128.6,11652.1,89.4,435.9
12271,2000,Santo Antônio do Içá,Amazônia,12306,111.3,11669.4,89.4,435.9
12272,2019,Santo Antônio do Içá,Amazônia,12306,140.4,11640.3,89.4,435.9
12273,2002,Santo Antônio do Içá,Amazônia,12306,126.5,11654.2,89.4,435.9
12274,2011,Santo Antônio do Içá,Amazônia,12306,137.0,11643.7,89.4,435.9
12275,2017,Santo Antônio do Içá,Amazônia,12306,139.5,11641.2,89.4,435.9
12276,2007,Santo Antônio do Içá,Amazônia,12306,131.2,11649.5,89.4,435.9
12277,2018,Santo Antônio do Içá,Amazônia,12306,139.9,11640.8,89.4,435.9
12278,2008,Santo Antônio do Içá,Amazônia,12306,132.2,11648.5,89.4,435.9
12279,2015,Santo Antônio do Içá,Amazônia,12306,137.3,11643.4,89.4,435.9
12280,2005,Santo Antônio do Içá,Amazônia,12306,129.0,11651.7,89.4,435.9
12281,2013,Santo Antônio do Içá,Amazônia,12306,137.2,11643.5,89.4,435.9
13409,2021,Novo Aripuanã,Amazônia,41236,2008.0,36828.0,1631.3,768.7
13410,2014,Novo Aripuanã,Amazônia,41236,1000.3,37835.7,1631.3,768.7
13411,2018,Novo Aripuanã,Amazônia,41236,1472.4,37363.6,1631.3,768.7
13412,2007,Novo Aripuanã,Amazônia,41236,797.6,38038.4,1631.3,768.7
13413,2011,Novo Aripuanã,Amazônia,41236,914.1,37921.9,1631.3,768.7
13414,2000,Novo Aripuanã,Amazônia,41236,534.7,38301.3,1631.3,768.7
13415,2013,Novo Aripuanã,Amazônia,41236,974.6,37861.4,1631.3,768.7
13416,2010,Novo Aripuanã,Amazônia,41236,896.3,37939.7,1631.3,768.7
13417,2001,Novo Aripuanã,Amazônia,41236,550.3,38285.7,1631.3,768.7
13418,2017,Novo Aripuanã,Amazônia,41236,1332.5,37503.5,1631.3,768.7
13419,2003,Novo Aripuanã,Amazônia,41236,599.3,38236.7,1631.3,768.7
13420,2020,Novo Aripuanã,Amazônia,41236,1813.6,37022.4,1631.3,768.7
13421,2006,Novo Aripuanã,Amazônia,41236,752.8,38083.2,1631.3,768.7
13422,2022,Novo Aripuanã,Amazônia,41236,2303.0,36533.0,1631.3,768.7
13423,2002,Novo Aripuanã,Amazônia,41236,565.2,38270.8,1631.3,768.7
13424,2005,Novo Aripuanã,Amazônia,41236,715.7,38120.3,1631.3,768.7
13425,2008,Novo Aripuanã,Amazônia,41236,860.3,37975.7,1631.3,768.7
13426,2012,Novo Aripuanã,Amazônia,41236,931.7,37904.3,1631.3,768.7
13427,2004,Novo Aripuanã,Amazônia,41236,651.4,38184.6,1631.3,768.7
13428,2016,Novo Aripuanã,Amazônia,41236,1205.9,37630.1,1631.3,768.7
13429,2019,Novo Aripuanã,Amazônia,41236,1703.3,37132.7,1631.3,768.7
13430,2015,Novo Aripuanã,Amazônia,41236,1053.5,37782.5,1631.3,768.7
13431,2009,Novo Aripuanã,Amazônia,41236,876.0,37960.0,1631.3,768.7
14099,2002,Codajás,Amazônia,18709,245.3,16303.6,727.4,1432.7
14100,2018,Codajás,Amazônia,18709,272.4,16276.5,727.4,1432.7
14101,2021,Codajás,Amazônia,18709,277.6,16271.3,727.4,1432.7
14102,2008,Codajás,Amazônia,18709,259.0,16289.9,727.4,1432.7
14103,2007,Codajás,Amazônia,18709,257.6,16291.3,727.4,1432.7
14104,2022,Codajás,Amazônia,18709,279.5,16269.4,727.4,1432.7
14105,2015,Codajás,Amazônia,18709,268.0,16280.9,727.4,1432.7
14106,2019,Codajás,Amazônia,18709,274.9,16274.0,727.4,1432.7
14107,2000,Codajás,Amazônia,18709,235.7,16313.2,727.4,1432.7
14108,2014,Codajás,Amazônia,18709,267.0,16281.9,727.4,1432.7
14109,2005,Codajás,Amazônia,18709,255.2,16293.7,727.4,1432.7
14110,2006,Codajás,Amazônia,18709,255.2,16293.7,727.4,1432.7
14111,2011,Codajás,Amazônia,18709,262.2,16286.7,727.4,1432.7
14112,2010,Codajás,Amazônia,18709,261.4,16287.5,727.4,1432.7
14113,2003,Codajás,Amazônia,18709,250.7,16298.2,727.4,1432.7
14114,2013,Codajás,Amazônia,18709,263.9,16285.0,727.4,1432.7
14115,2016,Codajás,Amazônia,18709,269.1,16279.8,727.4,1432.7
14116,2012,Codajás,Amazônia,18709,262.8,16286.1,727.4,1432.7
14117,2009,Codajás,Amazônia,18709,260.3,16288.6,727.4,1432.7
14118,2004,Codajás,Amazônia,18709,253.9,16295.0,727.4,1432.7
14119,2001,Codajás,Amazônia,18709,241.7,16307.2,727.4,1432.7
14120,2017,Codajás,Amazônia,18709,270.5,16278.4,727.4,1432.7
14121,2020,Codajás,Amazônia,18709,276.2,16272.7,727.4,1432.7
16031,2018,Benjamin Constant,Amazônia,8728,191.9,8357.6,0.0,178.5
16032,2021,Benjamin Constant,Amazônia,8728,194.1,8355.4,0.0,178.5
16033,2013,Benjamin Constant,Amazônia,8728,189.9,8359.6,0.0,178.5
16034,2022,Benjamin Constant,Amazônia,8728,194.9,8354.6,0.0,178.5
16035,2002,Benjamin Constant,Amazônia,8728,178.0,8371.5,0.0,178.5
16036,2008,Benjamin Constant,Amazônia,8728,186.3,8363.2,0.0,178.5
16037,2001,Benjamin Constant,Amazônia,8728,176.8,8372.7,0.0,178.5
16038,2014,Benjamin Constant,Amazônia,8728,190.2,8359.3,0.0,178.5
16039,2010,Benjamin Constant,Amazônia,8728,187.4,8362.1,0.0,178.5
16040,2009,Benjamin Constant,Amazônia,8728,186.9,8362.6,0.0,178.5
16041,2006,Benjamin Constant,Amazônia,8728,183.0,8366.5,0.0,178.5
16042,2011,Benjamin Constant,Amazônia,8728,188.3,8361.2,0.0,178.5
16043,2020,Benjamin Constant,Amazônia,8728,192.4,8357.1,0.0,178.5
16044,2000,Benjamin Constant,Amazônia,8728,175.8,8373.7,0.0,178.5
16045,2007,Benjamin Constant,Amazônia,8728,185.7,8363.8,0.0,178.5
16046,2004,Benjamin Constant,Amazônia,8728,182.1,8367.4,0.0,178.5
16047,2012,Benjamin Constant,Amazônia,8728,188.5,8361.0,0.0,178.5
16048,2015,Benjamin Constant,Amazônia,8728,191.1,8358.4,0.0,178.5
16049,2019,Benjamin Constant,Amazônia,8728,192.3,8357.2,0.0,178.5
16050,2017,Benjamin Constant,Amazônia,8728,191.7,8357.8,0.0,178.5
16051,2016,Benjamin Constant,Amazônia,8728,191.3,8358.2,0.0,178.5
16052,2005,Benjamin Constant,Amazônia,8728,182.6,8366.9,0.0,178.5
16053,2003,Benjamin Constant,Amazônia,8728,181.8,8367.7,0.0,178.5
17917,2010,Nhamundá,Amazônia,14107,474.1,12164.3,347.1,1121.5
17918,2001,Nhamundá,Amazônia,14107,431.4,12207.0,347.1,1121.5
17919,2013,Nhamundá,Amazônia,14107,483.4,12155.0,347.1,1121.5
17920,2020,Nhamundá,Amazônia,14107,505.8,12132.6,347.1,1121.5
17921,2002,Nhamundá,Amazônia,14107,435.1,12203.3,347.1,1121.5
17922,2019,Nhamundá,Amazônia,14107,502.0,12136.4,347.1,1121.5
17923,2003,Nhamundá,Amazônia,14107,440.9,12197.5,347.1,1121.5
17924,2021,Nhamundá,Amazônia,14107,510.4,12128.0,347.1,1121.5
17925,2017,Nhamundá,Amazônia,14107,494.2,12144.2,347.1,1121.5
17926,2011,Nhamundá,Amazônia,14107,478.1,12160.3,347.1,1121.5
17927,2016,Nhamundá,Amazônia,14107,492.4,12146.0,347.1,1121.5
17928,2012,Nhamundá,Amazônia,14107,480.8,12157.6,347.1,1121.5
17929,2000,Nhamundá,Amazônia,14107,421.7,12216.7,347.1,1121.5
17930,2018,Nhamundá,Amazônia,14107,499.0,12139.4,347.1,1121.5
17931,2008,Nhamundá,Amazônia,14107,456.0,12182.4,347.1,1121.5
17932,2006,Nhamundá,Amazônia,14107,452.8,12185.6,347.1,1121.5
17933,2014,Nhamundá,Amazônia,14107,486.1,12152.3,347.1,1121.5
17934,2004,Nhamundá,Amazônia,14107,444.9,12193.5,347.1,1121.5
17935,2022,Nhamundá,Amazônia,14107,519.5,12118.9,347.1,1121.5
17936,2009,Nhamundá,Amazônia,14107,460.4,12178.0,347.1,1121.5
17937,2007,Nhamundá,Amazônia,14107,455.2,12183.2,347.1,1121.5
17938,2005,Nhamundá,Amazônia,14107,449.9,12188.5,347.1,1121.5
17939,2015,Nhamundá,Amazônia,14107,491.0,12147.4,347.1,1121.5
19412,2016,Boa Vista do Ramos,Amazônia,2590,208.7,1111.0,861.7,408.6
19413,2017,Boa Vista do Ramos,Amazônia,2590,209.6,1110.1,861.7,408.6
19414,2011,Boa Vista do Ramos,Amazônia,2590,204.9,1114.8,861.7,408.6
19415,2000,Boa Vista do Ramos,Amazônia,2590,182.8,1136.9,861.7,408.6
19416,2005,Boa Vista do Ramos,Amazônia,2590,198.0,1121.7,861.7,408.6
19417,2009,Boa Vista do Ramos,Amazônia,2590,200.7,1119.0,861.7,408.6
19418,2001,Boa Vista do Ramos,Amazônia,2590,190.5,1129.2,861.7,408.6
19419,2006,Boa Vista do Ramos,Amazônia,2590,199.0,1120.7,861.7,408.6
19420,2010,Boa Vista do Ramos,Amazônia,2590,203.5,1116.2,861.7,408.6
19421,2003,Boa Vista do Ramos,Amazônia,2590,196.4,1123.3,861.7,408.6
19422,2020,Boa Vista do Ramos,Amazônia,2590,211.8,1107.9,861.7,408.6
19423,2012,Boa Vista do Ramos,Amazônia,2590,205.2,1114.5,861.7,408.6
19424,2004,Boa Vista do Ramos,Amazônia,2590,196.7,1123.0,861.7,408.6
19425,2014,Boa Vista do Ramos,Amazônia,2590,207.7,1112.0,861.7,408.6
19426,2007,Boa Vista do Ramos,Amazônia,2590,200.3,1119.4,861.7,408.6
19427,2021,Boa Vista do Ramos,Amazônia,2590,212.4,1107.3,861.7,408.6
19428,2013,Boa Vista do Ramos,Amazônia,2590,205.9,1113.8,861.7,408.6
19429,2018,Boa Vista do Ramos,Amazônia,2590,210.1,1109.6,861.7,408.6
19430,2015,Boa Vista do Ramos,Amazônia,2590,208.2,1111.5,861.7,408.6
19431,2002,Boa Vista do Ramos,Amazônia,2590,190.5,1129.2,861.7,408.6
19432,2019,Boa Vista do Ramos,Amazônia,2590,211.2,1108.5,861.7,408.6
19433,2008,Boa Vista do Ramos,Amazônia,2590,200.6,1119.1,861.7,408.6
19434,2022,Boa Vista do Ramos,Amazônia,2590,215.3,1104.4,861.7,408.6
19481,2011,Autazes,Amazônia,7710,1242.9,4933.9,476.3,1056.9
19482,2020,Autazes,Amazônia,7710,1400.9,4775.9,476.3,1056.9
19483,2012,Autazes,Amazônia,7710,1257.3,4919.5,476.3,1056.9
19484,2001,Autazes,Amazônia,7710,1009.6,5167.2,476.3,1056.9
19485,2005,Autazes,Amazônia,7710,1128.5,5048.3,476.3,1056.9
19486,2002,Autazes,Amazônia,7710,1053.4,5123.4,476.3,1056.9
19487,2018,Autazes,Amazônia,7710,1343.3,4833.5,476.3,1056.9
19488,2000,Autazes,Amazônia,7710,980.6,5196.2,476.3,1056.9
19489,2009,Autazes,Amazônia,7710,1213.2,4963.6,476.3,1056.9
19490,2014,Autazes,Amazônia,7710,1281.4,4895.4,476.3,1056.9
19491,2019,Autazes,Amazônia,7710,1378.1,4798.7,476.3,1056.9
19492,2008,Autazes,Amazônia,7710,1203.2,4973.6,476.3,1056.9
19493,2003,Autazes,Amazônia,7710,1074.4,5102.4,476.3,1056.9
19494,2013,Autazes,Amazônia,7710,1266.6,4910.2,476.3,1056.9
19495,2016,Autazes,Amazônia,7710,1310.9,4865.9,476.3,1056.9
19496,2010,Autazes,Amazônia,7710,1219.0,4957.8,476.3,1056.9
19497,2015,Autazes,Amazônia,7710,1304.6,4872.2,476.3,1056.9
19498,2007,Autazes,Amazônia,7710,1162.7,5014.1,476.3,1056.9
19499,2017,Autazes,Amazônia,7710,1329.9,4846.9,476.3,1056.9
19500,2021,Autazes,Amazônia,7710,1448.2,4728.6,476.3,1056.9
19501,2022,Autazes,Amazônia,7710,1492.9,4683.9,476.3,1056.9
19502,2006,Autazes,Amazônia,7710,1144.7,5032.1,476.3,1056.9
19503,2004,Autazes,Amazônia,7710,1099.4,5077.4,476.3,1056.9
21551,2017,Tonantins,Amazônia,6433,92.6,5946.8,67.6,326.0
21552,2012,Tonantins,Amazônia,6433,83.9,5955.5,67.6,326.0
21553,2022,Tonantins,Amazônia,6433,94.6,5944.8,67.6,326.0
21554,2003,Tonantins,Amazônia,6433,76.5,5962.9,67.6,326.0
21555,2021,Tonantins,Amazônia,6433,94.5,5944.9,67.6,326.0
21556,2013,Tonantins,Amazônia,6433,83.9,5955.5,67.6,326.0
21557,2018,Tonantins,Amazônia,6433,92.7,5946.7,67.6,326.0
21558,2009,Tonantins,Amazônia,6433,81.7,5957.7,67.6,326.0
21559,2007,Tonantins,Amazônia,6433,81.0,5958.4,67.6,326.0
21560,2015,Tonantins,Amazônia,6433,84.4,5955.0,67.6,326.0
21561,2002,Tonantins,Amazônia,6433,74.2,5965.2,67.6,326.0
21562,2020,Tonantins,Amazônia,6433,94.0,5945.4,67.6,326.0
21563,2000,Tonantins,Amazônia,6433,67.7,5971.7,67.6,326.0
21564,2001,Tonantins,Amazônia,6433,73.9,5965.5,67.6,326.0
21565,2010,Tonantins,Amazônia,6433,82.6,5956.8,67.6,326.0
21566,2006,Tonantins,Amazônia,6433,79.8,5959.6,67.6,326.0
21567,2016,Tonantins,Amazônia,6433,84.7,5954.7,67.6,326.0
21568,2005,Tonantins,Amazônia,6433,79.1,5960.3,67.6,326.0
21569,2011,Tonantins,Amazônia,6433,83.6,5955.8,67.6,326.0
21570,2004,Tonantins,Amazônia,6433,78.1,5961.3,67.6,326.0
21571,2019,Tonantins,Amazônia,6433,92.9,5946.5,67.6,326.0
21572,2014,Tonantins,Amazônia,6433,84.4,5955.0,67.6,326.0
21573,2008,Tonantins,Amazônia,6433,81.3,5958.1,67.6,326.0
25024,2008,Uarini,Amazônia,10279,238.9,9475.2,100.1,464.8
25025,2016,Uarini,Amazônia,10279,261.1,9453.0,100.1,464.8
25026,2022,Uarini,Amazônia,10279,282.3,9431.8,100.1,464.8
25027,2010,Uarini,Amazônia,10279,243.0,9471.1,100.1,464.8
25028,2017,Uarini,Amazônia,10279,263.7,9450.4,100.1,464.8
25029,2002,Uarini,Amazônia,10279,218.7,9495.4,100.1,464.8
25030,2019,Uarini,Amazônia,10279,271.5,9442.6,100.1,464.8
25031,2000,Uarini,Amazônia,10279,194.2,9519.9,100.1,464.8
25032,2020,Uarini,Amazônia,10279,275.0,9439.1,100.1,464.8
25033,2006,Uarini,Amazônia,10279,229.9,9484.2,100.1,464.8
25034,2007,Uarini,Amazônia,10279,232.2,9481.9,100.1,464.8
25035,2013,Uarini,Amazônia,10279,246.9,9467.2,100.1,464.8
25036,2011,Uarini,Amazônia,10279,244.3,9469.8,100.1,464.8
25037,2001,Uarini,Amazônia,10279,199.0,9515.1,100.1,464.8
25038,2009,Uarini,Amazônia,10279,239.4,9474.7,100.1,464.8
25039,2004,Uarini,Amazônia,10279,225.2,9488.9,100.1,464.8
25040,2012,Uarini,Amazônia,10279,246.3,9467.8,100.1,464.8
25041,2003,Uarini,Amazônia,10279,221.9,9492.2,100.1,464.8
25042,2018,Uarini,Amazônia,10279,269.1,9445.0,100.1,464.8
25043,2015,Uarini,Amazônia,10279,256.0,9458.1,100.1,464.8
25044,2021,Uarini,Amazônia,10279,281.0,9433.1,100.1,464.8
25045,2014,Uarini,Amazônia,10279,255.5,9458.6,100.1,464.8
25046,2005,Uarini,Amazônia,10279,228.5,9485.6,100.1,464.8
25047,2001,São Sebastião do Uatumã,Amazônia,10535,168.7,9739.1,64.1,563.1
25048,2022,São Sebastião do Uatumã,Amazônia,10535,232.1,9675.7,64.1,563.1
25049,2012,São Sebastião do Uatumã,Amazônia,10535,206.2,9701.6,64.1,563.1
25050,2006,São Sebastião do Uatumã,Amazônia,10535,188.3,9719.5,64.1,563.1
25051,2007,São Sebastião do Uatumã,Amazônia,10535,190.1,9717.7,64.1,563.1
25052,2009,São Sebastião do Uatumã,Amazônia,10535,197.8,9710.0,64.1,563.1
25053,2013,São Sebastião do Uatumã,Amazônia,10535,210.2,9697.6,64.1,563.1
25054,2008,São Sebastião do Uatumã,Amazônia,10535,195.6,9712.2,64.1,563.1
25055,2020,São Sebastião do Uatumã,Amazônia,10535,225.5,9682.3,64.1,563.1
25056,2003,São Sebastião do Uatumã,Amazônia,10535,181.3,9726.5,64.1,563.1
25057,2014,São Sebastião do Uatumã,Amazônia,10535,215.1,9692.7,64.1,563.1
25058,2016,São Sebastião do Uatumã,Amazônia,10535,217.6,9690.2,64.1,563.1
25059,2002,São Sebastião do Uatumã,Amazônia,10535,171.6,9736.2,64.1,563.1
25060,2018,São Sebastião do Uatumã,Amazônia,10535,221.9,9685.9,64.1,563.1
25061,2017,São Sebastião do Uatumã,Amazônia,10535,221.2,9686.6,64.1,563.1
25062,2000,São Sebastião do Uatumã,Amazônia,10535,151.4,9756.4,64.1,563.1
25063,2021,São Sebastião do Uatumã,Amazônia,10535,227.1,9680.7,64.1,563.1
25064,2005,São Sebastião do Uatumã,Amazônia,10535,186.7,9721.1,64.1,563.1
25065,2011,São Sebastião do Uatumã,Amazônia,10535,205.3,9702.5,64.1,563.1
25066,2019,São Sebastião do Uatumã,Amazônia,10535,224.2,9683.6,64.1,563.1
25067,2015,São Sebastião do Uatumã,Amazônia,10535,216.8,9691.0,64.1,563.1
25068,2004,São Sebastião do Uatumã,Amazônia,10535,185.2,9722.6,64.1,563.1
25069,2010,São Sebastião do Uatumã,Amazônia,10535,202.6,9705.2,64.1,563.1
30314,2015,Urucará,Amazônia,27952,344.4,26524.2,429.5,653.9
30315,2016,Urucará,Amazônia,27952,344.7,26523.9,429.5,653.9
30316,2013,Urucará,Amazônia,27952,342.6,26526.0,429.5,653.9
30317,2005,Urucará,Amazônia,27952,326.4,26542.2,429.5,653.9
30318,2000,Urucará,Amazônia,27952,299.2,26569.4,429.5,653.9
30319,2022,Urucará,Amazônia,27952,349.4,26519.2,429.5,653.9
30320,2017,Urucará,Amazônia,27952,345.3,26523.3,429.5,653.9
30321,2018,Urucará,Amazônia,27952,345.8,26522.8,429.5,653.9
30322,2021,Urucará,Amazônia,27952,348.1,26520.5,429.5,653.9
30323,2004,Urucará,Amazônia,27952,325.1,26543.5,429.5,653.9
30324,2019,Urucará,Amazônia,27952,346.7,26521.9,429.5,653.9
30325,2003,Urucará,Amazônia,27952,324.1,26544.5,429.5,653.9
30326,2020,Urucará,Amazônia,27952,347.2,26521.4,429.5,653.9
30327,2001,Urucará,Amazônia,27952,316.3,26552.3,429.5,653.9
30328,2011,Urucará,Amazônia,27952,339.8,26528.8,429.5,653.9
30329,2012,Urucará,Amazônia,27952,340.3,26528.3,429.5,653.9
30330,2014,Urucará,Amazônia,27952,344.0,26524.6,429.5,653.9
30331,2007,Urucará,Amazônia,27952,330.2,26538.4,429.5,653.9
30332,2010,Urucará,Amazônia,27952,338.0,26530.6,429.5,653.9
30333,2006,Urucará,Amazônia,27952,328.4,26540.2,429.5,653.9
30334,2008,Urucará,Amazônia,27952,332.3,26536.3,429.5,653.9
30335,2002,Urucará,Amazônia,27952,317.6,26551.0,429.5,653.9
30336,2009,Urucará,Amazônia,27952,333.9,26534.7,429.5,653.9
31096,2012,Ipixuna,Amazônia,12081,221.9,11721.9,68.4,68.8
31097,2002,Ipixuna,Amazônia,12081,159.7,11784.1,68.4,68.8
31098,2005,Ipixuna,Amazônia,12081,199.1,11744.7,68.4,68.8
31099,2010,Ipixuna,Amazônia,12081,213.3,11730.5,68.4,68.8
31100,2000,Ipixuna,Amazônia,12081,149.7,11794.1,68.4,68.8
31101,2019,Ipixuna,Amazônia,12081,256.0,11687.8,68.4,68.8
31102,2001,Ipixuna,Amazônia,12081,153.5,11790.3,68.4,68.8
31103,2007,Ipixuna,Amazônia,12081,202.7,11741.1,68.4,68.8
31104,2003,Ipixuna,Amazônia,12081,174.7,11769.1,68.4,68.8
31105,2021,Ipixuna,Amazônia,12081,276.1,11667.7,68.4,68.8
31106,2004,Ipixuna,Amazônia,12081,189.8,11754.0,68.4,68.8
31107,2009,Ipixuna,Amazônia,12081,208.8,11735.0,68.4,68.8
31108,2016,Ipixuna,Amazônia,12081,238.7,11705.1,68.4,68.8
31109,2020,Ipixuna,Amazônia,12081,264.1,11679.7,68.4,68.8
31110,2006,Ipixuna,Amazônia,12081,200.7,11743.1,68.4,68.8
31111,2011,Ipixuna,Amazônia,12081,215.6,11728.2,68.4,68.8
31112,2017,Ipixuna,Amazônia,12081,241.0,11702.8,68.4,68.8
31113,2015,Ipixuna,Amazônia,12081,233.9,11709.9,68.4,68.8
31114,2008,Ipixuna,Amazônia,12081,208.0,11735.8,68.4,68.8
31115,2014,Ipixuna,Amazônia,12081,229.6,11714.2,68.4,68.8
31116,2013,Ipixuna,Amazônia,12081,228.4,11715.4,68.4,68.8
31117,2022,Ipixuna,Amazônia,12081,294.2,11649.6,68.4,68.8
31118,2018,Ipixuna,Amazônia,12081,248.3,11695.5,68.4,68.8
37789,2002,Fonte Boa,Amazônia,12092,79.4,11017.1,157.5,838.0
37790,2009,Fonte Boa,Amazônia,12092,97.4,10999.1,157.5,838.0
37791,2000,Fonte Boa,Amazônia,12092,75.9,11020.6,157.5,838.0
37792,2013,Fonte Boa,Amazônia,12092,100.9,10995.6,157.5,838.0
37793,2005,Fonte Boa,Amazônia,12092,94.0,11002.5,157.5,838.0
37794,2015,Fonte Boa,Amazônia,12092,103.2,10993.3,157.5,838.0
37795,2016,Fonte Boa,Amazônia,12092,104.7,10991.8,157.5,838.0
37796,2017,Fonte Boa,Amazônia,12092,105.1,10991.4,157.5,838.0
37797,2012,Fonte Boa,Amazônia,12092,100.7,10995.8,157.5,838.0
37798,2006,Fonte Boa,Amazônia,12092,94.7,11001.8,157.5,838.0
37799,2019,Fonte Boa,Amazônia,12092,105.8,10990.7,157.5,838.0
37800,2007,Fonte Boa,Amazônia,12092,94.8,11001.7,157.5,838.0
37801,2001,Fonte Boa,Amazônia,12092,76.6,11019.9,157.5,838.0
37802,2014,Fonte Boa,Amazônia,12092,102.5,10994.0,157.5,838.0
37803,2022,Fonte Boa,Amazônia,12092,108.3,10988.2,157.5,838.0
37804,2003,Fonte Boa,Amazônia,12092,93.9,11002.6,157.5,838.0
37805,2020,Fonte Boa,Amazônia,12092,105.8,10990.7,157.5,838.0
37806,2011,Fonte Boa,Amazônia,12092,100.6,10995.9,157.5,838.0
37807,2010,Fonte Boa,Amazônia,12092,99.6,10996.9,157.5,838.0
37808,2021,Fonte Boa,Amazônia,12092,106.4,10990.1,157.5,838.0
37809,2008,Fonte Boa,Amazônia,12092,96.7,10999.8,157.5,838.0
37810,2004,Fonte Boa,Amazônia,12092,94.0,11002.5,157.5,838.0
37811,2018,Fonte Boa,Amazônia,12092,105.2,10991.3,157.5,838.0
40848,2018,Parintins,Amazônia,5952,987.1,1530.6,1128.9,2305.4
40849,2019,Parintins,Amazônia,5952,990.5,1527.2,1128.9,2305.4
40850,2017,Parintins,Amazônia,5952,984.5,1533.2,1128.9,2305.4
40851,2002,Parintins,Amazônia,5952,912.6,1605.1,1128.9,2305.4
40852,2005,Parintins,Amazônia,5952,937.5,1580.2,1128.9,2305.4
40853,2000,Parintins,Amazônia,5952,883.3,1634.4,1128.9,2305.4
40854,2021,Parintins,Amazônia,5952,996.0,1521.7,1128.9,2305.4
40855,2020,Parintins,Amazônia,5952,993.5,1524.2,1128.9,2305.4
40856,2012,Parintins,Amazônia,5952,968.3,1549.4,1128.9,2305.4
40857,2009,Parintins,Amazônia,5952,954.9,1562.8,1128.9,2305.4
40858,2003,Parintins,Amazônia,5952,929.8,1587.9,1128.9,2305.4
40859,2014,Parintins,Amazônia,5952,977.9,1539.8,1128.9,2305.4
40860,2010,Parintins,Amazônia,5952,962.1,1555.6,1128.9,2305.4
40861,2016,Parintins,Amazônia,5952,982.3,1535.4,1128.9,2305.4
40862,2001,Parintins,Amazônia,5952,904.3,1613.4,1128.9,2305.4
40863,2004,Parintins,Amazônia,5952,932.7,1585.0,1128.9,2305.4
40864,2007,Parintins,Amazônia,5952,945.0,1572.7,1128.9,2305.4
40865,2011,Parintins,Amazônia,5952,967.0,1550.7,1128.9,2305.4
40866,2008,Parintins,Amazônia,5952,949.7,1568.0,1128.9,2305.4
40867,2013,Parintins,Amazônia,5952,972.2,1545.5,1128.9,2305.4
40868,2015,Parintins,Amazônia,5952,981.1,1536.6,1128.9,2305.4
40869,2022,Parintins,Amazônia,5952,999.8,1517.9,1128.9,2305.4
40870,2006,Parintins,Amazônia,5952,940.5,1577.2,1128.9,2305.4
46782,2013,Maués,Amazônia,40009,1343.6,36487.5,868.4,1309.5
46783,2014,Maués,Amazônia,40009,1357.2,36473.9,868.4,1309.5
46784,2005,Maués,Amazônia,40009,1228.6,36602.5,868.4,1309.5
46785,2004,Maués,Amazônia,40009,1218.7,36612.4,868.4,1309.5
46786,2022,Maués,Amazônia,40009,1655.0,36176.1,868.4,1309.5
46787,2006,Maués,Amazônia,40009,1245.7,36585.4,868.4,1309.5
46788,2001,Maués,Amazônia,40009,1151.4,36679.7,868.4,1309.5
46789,2017,Maués,Amazônia,40009,1426.2,36404.9,868.4,1309.5
46790,2003,Maués,Amazônia,40009,1203.2,36627.9,868.4,1309.5
46791,2010,Maués,Amazônia,40009,1302.4,36528.7,868.4,1309.5
46792,2015,Maués,Amazônia,40009,1367.2,36463.9,868.4,1309.5
46793,2009,Maués,Amazônia,40009,1288.0,36543.1,868.4,1309.5
46794,2007,Maués,Amazônia,40009,1259.8,36571.3,868.4,1309.5
46795,2011,Maués,Amazônia,40009,1317.0,36514.1,868.4,1309.5
46796,2020,Maués,Amazônia,40009,1470.0,36361.1,868.4,1309.5
46797,2019,Maués,Amazônia,40009,1448.6,36382.5,868.4,1309.5
46798,2016,Maués,Amazônia,40009,1405.6,36425.5,868.4,1309.5
46799,2018,Maués,Amazônia,40009,1432.6,36398.5,868.4,1309.5
46800,2008,Maués,Amazônia,40009,1279.6,36551.5,868.4,1309.5
46801,2012,Maués,Amazônia,40009,1328.0,36503.1,868.4,1309.5
46802,2021,Maués,Amazônia,40009,1538.0,36293.1,868.4,1309.5
46803,2000,Maués,Amazônia,40009,1129.0,36702.1,868.4,1309.5
46804,2002,Maués,Amazônia,40009,1178.8,36652.3,868.4,1309.5
50830,2020,Envira,Amazônia,7503,329.1,7112.7,0.1,61.1
50831,2006,Envira,Amazônia,7503,220.1,7221.7,0.1,61.1
50832,2013,Envira,Amazônia,7503,271.7,7170.1,0.1,61.1
50833,2004,Envira,Amazônia,7503,206.8,7235.0,0.1,61.1
50834,2017,Envira,Amazônia,7503,294.6,7147.2,0.1,61.1
50835,2003,Envira,Amazônia,7503,189.7,7252.1,0.1,61.1
50836,2007,Envira,Amazônia,7503,229.8,7212.0,0.1,61.1
50837,2018,Envira,Amazônia,7503,306.2,7135.6,0.1,61.1
50838,2008,Envira,Amazônia,7503,236.6,7205.2,0.1,61.1
50839,2016,Envira,Amazônia,7503,290.0,7151.8,0.1,61.1
50840,2012,Envira,Amazônia,7503,266.3,7175.5,0.1,61.1
50841,2001,Envira,Amazônia,7503,154.7,7287.1,0.1,61.1
50842,2021,Envira,Amazônia,7503,342.7,7099.1,0.1,61.1
50843,2010,Envira,Amazônia,7503,252.5,7189.3,0.1,61.1
50844,2000,Envira,Amazônia,7503,138.8,7303.0,0.1,61.1
50845,2015,Envira,Amazônia,7503,285.6,7156.2,0.1,61.1
50846,2019,Envira,Amazônia,7503,319.3,7122.5,0.1,61.1
50847,2014,Envira,Amazônia,7503,280.5,7161.3,0.1,61.1
50848,2002,Envira,Amazônia,7503,162.9,7278.9,0.1,61.1
50849,2005,Envira,Amazônia,7503,213.6,7228.2,0.1,61.1
50850,2011,Envira,Amazônia,7503,259.6,7182.2,0.1,61.1
50851,2022,Envira,Amazônia,7503,361.7,7080.1,0.1,61.1
50852,2009,Envira,Amazônia,7503,242.4,7199.4,0.1,61.1
59984,2022,Tefé,Amazônia,23389,714.6,21844.2,151.4,678.8
59985,2016,Tefé,Amazônia,23389,667.6,21891.2,151.4,678.8
59986,2014,Tefé,Amazônia,23389,657.2,21901.6,151.4,678.8
59987,2013,Tefé,Amazônia,23389,641.7,21917.1,151.4,678.8
59988,2009,Tefé,Amazônia,23389,624.6,21934.2,151.4,678.8
59989,2018,Tefé,Amazônia,23389,681.6,21877.2,151.4,678.8
59990,2020,Tefé,Amazônia,23389,699.6,21859.2,151.4,678.8
59991,2003,Tefé,Amazônia,23389,592.6,21966.2,151.4,678.8
59992,2004,Tefé,Amazônia,23389,595.0,21963.8,151.4,678.8
59993,2005,Tefé,Amazônia,23389,602.2,21956.6,151.4,678.8
59994,2002,Tefé,Amazônia,23389,577.2,21981.6,151.4,678.8
59995,2021,Tefé,Amazônia,23389,712.4,21846.4,151.4,678.8
59996,2007,Tefé,Amazônia,23389,610.6,21948.2,151.4,678.8
59997,2001,Tefé,Amazônia,23389,557.2,22001.6,151.4,678.8
59998,2008,Tefé,Amazônia,23389,620.3,21938.5,151.4,678.8
59999,2011,Tefé,Amazônia,23389,636.8,21922.0,151.4,678.8
60000,2000,Tefé,Amazônia,23389,543.7,22015.1,151.4,678.8
60001,2017,Tefé,Amazônia,23389,673.3,21885.5,151.4,678.8
60002,2019,Tefé,Amazônia,23389,689.1,21869.7,151.4,678.8
60003,2015,Tefé,Amazônia,23389,659.5,21899.3,151.4,678.8
60004,2010,Tefé,Amazônia,23389,633.4,21925.4,151.4,678.8
60005,2012,Tefé,Amazônia,23389,639.7,21919.1,151.4,678.8
60006,2006,Tefé,Amazônia,23389,606.2,21952.6,151.4,678.8
65458,2022,Novo Airão,Amazônia,37734,129.6,36070.3,211.3,1322.8
65459,2019,Novo Airão,Amazônia,37734,127.2,36072.7,211.3,1322.8
65460,2005,Novo Airão,Amazônia,37734,110.2,36089.7,211.3,1322.8
65461,2015,Novo Airão,Amazônia,37734,121.1,36078.8,211.3,1322.8
65462,2010,Novo Airão,Amazônia,37734,117.0,36082.9,211.3,1322.8
65463,2006,Novo Airão,Amazônia,37734,110.4,36089.5,211.3,1322.8
65464,2008,Novo Airão,Amazônia,37734,112.4,36087.5,211.3,1322.8
65465,2012,Novo Airão,Amazônia,37734,118.7,36081.2,211.3,1322.8
65466,2021,Novo Airão,Amazônia,37734,128.9,36071.0,211.3,1322.8
65467,2014,Novo Airão,Amazônia,37734,120.5,36079.4,211.3,1322.8
65468,2009,Novo Airão,Amazônia,37734,114.3,36085.6,211.3,1322.8
65469,2004,Novo Airão,Amazônia,37734,110.1,36089.8,211.3,1322.8
65470,2000,Novo Airão,Amazônia,37734,79.6,36120.3,211.3,1322.8
65471,2002,Novo Airão,Amazônia,37734,103.8,36096.1,211.3,1322.8
65472,2017,Novo Airão,Amazônia,37734,123.5,36076.4,211.3,1322.8
65473,2003,Novo Airão,Amazônia,37734,108.4,36091.5,211.3,1322.8
65474,2001,Novo Airão,Amazônia,37734,103.1,36096.8,211.3,1322.8
65475,2020,Novo Airão,Amazônia,37734,127.9,36072.0,211.3,1322.8
65476,2018,Novo Airão,Amazônia,37734,124.1,36075.8,211.3,1322.8
65477,2013,Novo Airão,Amazônia,37734,119.3,36080.6,211.3,1322.8
65478,2011,Novo Airão,Amazônia,37734,118.2,36081.7,211.3,1322.8
65479,2007,Novo Airão,Amazônia,37734,111.5,36088.4,211.3,1322.8
65480,2016,Novo Airão,Amazônia,37734,122.0,36077.9,211.3,1322.8
65941,2001,Humaitá,Amazônia,33127,573.7,28611.0,3147.4,794.9
65942,2008,Humaitá,Amazônia,33127,661.2,28523.5,3147.4,794.9
65943,2003,Humaitá,Amazônia,33127,592.0,28592.7,3147.4,794.9
65944,2013,Humaitá,Amazônia,33127,704.7,28480.0,3147.4,794.9
65945,2014,Humaitá,Amazônia,33127,718.3,28466.4,3147.4,794.9
65946,2006,Humaitá,Amazônia,33127,627.2,28557.5,3147.4,794.9
65947,2020,Humaitá,Amazônia,33127,1024.7,28160.0,3147.4,794.9
65948,2005,Humaitá,Amazônia,33127,622.3,28562.4,3147.4,794.9
65949,2022,Humaitá,Amazônia,33127,1392.4,27792.3,3147.4,794.9
65950,2016,Humaitá,Amazônia,33127,744.9,28439.8,3147.4,794.9
65951,2019,Humaitá,Amazônia,33127,916.1,28268.6,3147.4,794.9
65952,2011,Humaitá,Amazônia,33127,685.4,28499.3,3147.4,794.9
65953,2021,Humaitá,Amazônia,33127,1222.5,27962.2,3147.4,794.9
65954,2007,Humaitá,Amazônia,33127,640.5,28544.2,3147.4,794.9
65955,2017,Humaitá,Amazônia,33127,779.5,28405.2,3147.4,794.9
65956,2010,Humaitá,Amazônia,33127,674.4,28510.3,3147.4,794.9
65957,2009,Humaitá,Amazônia,33127,666.4,28518.3,3147.4,794.9
65958,2000,Humaitá,Amazônia,33127,534.6,28650.1,3147.4,794.9
65959,2018,Humaitá,Amazônia,33127,826.9,28357.8,3147.4,794.9
65960,2015,Humaitá,Amazônia,33127,727.4,28457.3,3147.4,794.9
65961,2004,Humaitá,Amazônia,33127,606.5,28578.2,3147.4,794.9
65962,2002,Humaitá,Amazônia,33127,581.3,28603.4,3147.4,794.9
65963,2012,Humaitá,Amazônia,33127,694.0,28490.7,3147.4,794.9
70564,2007,Beruri,Amazônia,17262,201.0,15610.3,888.8,561.9
70565,2008,Beruri,Amazônia,17262,203.4,15607.9,888.8,561.9
70566,2019,Beruri,Amazônia,17262,228.0,15583.3,888.8,561.9
70567,2016,Beruri,Amazônia,17262,222.0,15589.3,888.8,561.9
70568,2020,Beruri,Amazônia,17262,231.3,15580.0,888.8,561.9
70569,2010,Beruri,Amazônia,17262,209.6,15601.7,888.8,561.9
70570,2005,Beruri,Amazônia,17262,200.1,15611.2,888.8,561.9
70571,2002,Beruri,Amazônia,17262,191.7,15619.6,888.8,561.9
70572,2001,Beruri,Amazônia,17262,189.4,15621.9,888.8,561.9
70573,2004,Beruri,Amazônia,17262,199.4,15611.9,888.8,561.9
70574,2006,Beruri,Amazônia,17262,200.5,15610.8,888.8,561.9
70575,2003,Beruri,Amazônia,17262,197.3,15614.0,888.8,561.9
70576,2021,Beruri,Amazônia,17262,238.0,15573.3,888.8,561.9
70577,2017,Beruri,Amazônia,17262,223.6,15587.7,888.8,561.9
70578,2009,Beruri,Amazônia,17262,205.4,15605.9,888.8,561.9
70579,2015,Beruri,Amazônia,17262,219.9,15591.4,888.8,561.9
70580,2012,Beruri,Amazônia,17262,212.6,15598.7,888.8,561.9
70581,2018,Beruri,Amazônia,17262,225.6,15585.7,888.8,561.9
70582,2022,Beruri,Amazônia,17262,245.3,15566.0,888.8,561.9
70583,2011,Beruri,Amazônia,17262,211.7,15599.6,888.8,561.9
70584,2014,Beruri,Amazônia,17262,217.5,15593.8,888.8,561.9
70585,2013,Beruri,Amazônia,17262,215.0,15596.3,888.8,561.9
70586,2000,Beruri,Amazônia,17262,181.6,15629.7,888.8,561.9
71760,2003,Atalaia do Norte,Amazônia,76400,224.7,75804.6,15.7,355.0
71761,2014,Atalaia do Norte,Amazônia,76400,241.7,75787.6,15.7,355.0
71762,2011,Atalaia do Norte,Amazônia,76400,238.9,75790.4,15.7,355.0
71763,2010,Atalaia do Norte,Amazônia,76400,237.2,75792.1,15.7,355.0
71764,2008,Atalaia do Norte,Amazônia,76400,233.4,75795.9,15.7,355.0
71765,2007,Atalaia do Norte,Amazônia,76400,232.2,75797.1,15.7,355.0
71766,2000,Atalaia do Norte,Amazônia,76400,196.1,75833.2,15.7,355.0
71767,2021,Atalaia do Norte,Amazônia,76400,249.9,75779.4,15.7,355.0
71768,2012,Atalaia do Norte,Amazônia,76400,240.4,75788.9,15.7,355.0
71769,2006,Atalaia do Norte,Amazônia,76400,230.7,75798.6,15.7,355.0
71770,2009,Atalaia do Norte,Amazônia,76400,234.8,75794.5,15.7,355.0
71771,2016,Atalaia do Norte,Amazônia,76400,242.8,75786.5,15.7,355.0
71772,2013,Atalaia do Norte,Amazônia,76400,241.3,75788.0,15.7,355.0
71773,2022,Atalaia do Norte,Amazônia,76400,252.0,75777.3,15.7,355.0
71774,2019,Atalaia do Norte,Amazônia,76400,247.2,75782.1,15.7,355.0
71775,2005,Atalaia do Norte,Amazônia,76400,230.5,75798.8,15.7,355.0
71776,2001,Atalaia do Norte,Amazônia,76400,197.8,75831.5,15.7,355.0
71777,2017,Atalaia do Norte,Amazônia,76400,244.0,75785.3,15.7,355.0
71778,2020,Atalaia do Norte,Amazônia,76400,248.2,75781.1,15.7,355.0
71779,2015,Atalaia do Norte,Amazônia,76400,241.8,75787.5,15.7,355.0
71780,2004,Atalaia do Norte,Amazônia,76400,227.5,75801.8,15.7,355.0
71781,2018,Atalaia do Norte,Amazônia,76400,244.7,75784.6,15.7,355.0
71782,2002,Atalaia do Norte,Amazônia,76400,217.8,75811.5,15.7,355.0
73669,2004,Iranduba,Amazônia,2163,454.5,1267.8,131.9,308.8
73670,2021,Iranduba,Amazônia,2163,499.2,1223.1,131.9,308.8
73671,2011,Iranduba,Amazônia,2163,480.9,1241.4,131.9,308.8
73672,2016,Iranduba,Amazônia,2163,492.3,1230.0,131.9,308.8
73673,2014,Iranduba,Amazônia,2163,487.0,1235.3,131.9,308.8
73674,2017,Iranduba,Amazônia,2163,494.3,1228.0,131.9,308.8
73675,2008,Iranduba,Amazônia,2163,464.7,1257.6,131.9,308.8
73676,2010,Iranduba,Amazônia,2163,478.1,1244.2,131.9,308.8
73677,2005,Iranduba,Amazônia,2163,455.4,1266.9,131.9,308.8
73678,2012,Iranduba,Amazônia,2163,481.9,1240.4,131.9,308.8
73679,2009,Iranduba,Amazônia,2163,472.2,1250.1,131.9,308.8
73680,2001,Iranduba,Amazônia,2163,424.7,1297.6,131.9,308.8
73681,2000,Iranduba,Amazônia,2163,342.1,1380.2,131.9,308.8
73682,2018,Iranduba,Amazônia,2163,495.5,1226.8,131.9,308.8
73683,2003,Iranduba,Amazônia,2163,448.6,1273.7,131.9,308.8
73684,2019,Iranduba,Amazônia,2163,496.3,1226.0,131.9,308.8
73685,2020,Iranduba,Amazônia,2163,498.5,1223.8,131.9,308.8
73686,2015,Iranduba,Amazônia,2163,490.7,1231.6,131.9,308.8
73687,2022,Iranduba,Amazônia,2163,499.9,1222.4,131.9,308.8
73688,2006,Iranduba,Amazônia,2163,459.0,1263.3,131.9,308.8
73689,2002,Iranduba,Amazônia,2163,432.0,1290.3,131.9,308.8
73690,2013,Iranduba,Amazônia,2163,484.2,1238.1,131.9,308.8
73691,2007,Iranduba,Amazônia,2163,462.8,1259.5,131.9,308.8
74221,2002,Itacoatiara,Amazônia,8820,1580.6,4733.7,841.3,1664.4
74222,2004,Itacoatiara,Amazônia,8820,1634.0,4680.3,841.3,1664.4
74223,2005,Itacoatiara,Amazônia,8820,1643.6,4670.7,841.3,1664.4
74224,2010,Itacoatiara,Amazônia,8820,1719.4,4594.9,841.3,1664.4
74225,2011,Itacoatiara,Amazônia,8820,1736.9,4577.4,841.3,1664.4
74226,2000,Itacoatiara,Amazônia,8820,1448.3,4866.0,841.3,1664.4
74227,2013,Itacoatiara,Amazônia,8820,1747.1,4567.2,841.3,1664.4
74228,2019,Itacoatiara,Amazônia,8820,1798.7,4515.6,841.3,1664.4
74229,2006,Itacoatiara,Amazônia,8820,1658.6,4655.7,841.3,1664.4
74230,2001,Itacoatiara,Amazônia,8820,1524.4,4789.9,841.3,1664.4
74231,2018,Itacoatiara,Amazônia,8820,1784.6,4529.7,841.3,1664.4
74232,2015,Itacoatiara,Amazônia,8820,1760.9,4553.4,841.3,1664.4
74233,2009,Itacoatiara,Amazônia,8820,1700.3,4614.0,841.3,1664.4
74234,2022,Itacoatiara,Amazônia,8820,1851.5,4462.8,841.3,1664.4
74235,2016,Itacoatiara,Amazônia,8820,1768.8,4545.5,841.3,1664.4
74236,2003,Itacoatiara,Amazônia,8820,1604.1,4710.2,841.3,1664.4
74237,2021,Itacoatiara,Amazônia,8820,1825.4,4488.9,841.3,1664.4
74238,2020,Itacoatiara,Amazônia,8820,1808.9,4505.4,841.3,1664.4
74239,2014,Itacoatiara,Amazônia,8820,1754.9,4559.4,841.3,1664.4
74240,2012,Itacoatiara,Amazônia,8820,1743.0,4571.3,841.3,1664.4
74241,2008,Itacoatiara,Amazônia,8820,1694.8,4619.5,841.3,1664.4
74242,2007,Itacoatiara,Amazônia,8820,1667.9,4646.4,841.3,1664.4
74243,2017,Itacoatiara,Amazônia,8820,1779.9,4534.4,841.3,1664.4
74865,2001,Careiro da Várzea,Amazônia,2677,379.1,964.4,709.9,623.6
74866,2009,Careiro da Várzea,Amazônia,2677,494.5,849.0,709.9,623.6
74867,2004,Careiro da Várzea,Amazônia,2677,445.8,897.7,709.9,623.6
74868,2008,Careiro da Várzea,Amazônia,2677,488.9,854.6,709.9,623.6
74869,2007,Careiro da Várzea,Amazônia,2677,475.1,868.4,709.9,623.6
74870,2005,Careiro da Várzea,Amazônia,2677,454.9,888.6,709.9,623.6
74871,2021,Careiro da Várzea,Amazônia,2677,600.6,742.9,709.9,623.6
74872,2011,Careiro da Várzea,Amazônia,2677,526.0,817.5,709.9,623.6
74873,2020,Careiro da Várzea,Amazônia,2677,583.4,760.1,709.9,623.6
74874,2022,Careiro da Várzea,Amazônia,2677,629.3,714.2,709.9,623.6
74875,2002,Careiro da Várzea,Amazônia,2677,432.3,911.2,709.9,623.6
74876,2003,Careiro da Várzea,Amazônia,2677,437.7,905.8,709.9,623.6
74877,2013,Careiro da Várzea,Amazônia,2677,533.6,809.9,709.9,623.6
74878,2019,Careiro da Várzea,Amazônia,2677,576.3,767.2,709.9,623.6
74879,2015,Careiro da Várzea,Amazônia,2677,546.9,796.6,709.9,623.6
74880,2016,Careiro da Várzea,Amazônia,2677,555.1,788.4,709.9,623.6
74881,2017,Careiro da Várzea,Amazônia,2677,560.6,782.9,709.9,623.6
74882,2018,Careiro da Várzea,Amazônia,2677,564.5,779.0,709.9,623.6
74883,2006,Careiro da Várzea,Amazônia,2677,465.7,877.8,709.9,623.6
74884,2010,Careiro da Várzea,Amazônia,2677,513.8,829.7,709.9,623.6
74885,2014,Careiro da Várzea,Amazônia,2677,537.4,806.1,709.9,623.6
74886,2012,Careiro da Várzea,Amazônia,2677,530.8,812.7,709.9,623.6
74887,2000,Careiro da Várzea,Amazônia,2677,368.4,975.1,709.9,623.6
74911,2021,Tapauá,Amazônia,85365,436.0,81322.3,2157.6,1449.1
74912,2011,Tapauá,Amazônia,85365,314.9,81443.4,2157.6,1449.1
74913,2004,Tapauá,Amazônia,85365,291.7,81466.6,2157.6,1449.1
74914,2018,Tapauá,Amazônia,85365,346.3,81412.0,2157.6,1449.1
74915,2016,Tapauá,Amazônia,85365,324.4,81433.9,2157.6,1449.1
74916,2020,Tapauá,Amazônia,85365,384.4,81373.9,2157.6,1449.1
74917,2006,Tapauá,Amazônia,85365,297.0,81461.3,2157.6,1449.1
74918,2002,Tapauá,Amazônia,85365,278.4,81479.9,2157.6,1449.1
74919,2019,Tapauá,Amazônia,85365,367.5,81390.8,2157.6,1449.1
74920,2007,Tapauá,Amazônia,85365,301.3,81457.0,2157.6,1449.1
74921,2013,Tapauá,Amazônia,85365,318.2,81440.1,2157.6,1449.1
74922,2003,Tapauá,Amazônia,85365,286.7,81471.6,2157.6,1449.1
74923,2010,Tapauá,Amazônia,85365,310.5,81447.8,2157.6,1449.1
74924,2008,Tapauá,Amazônia,85365,304.4,81453.9,2157.6,1449.1
74925,2001,Tapauá,Amazônia,85365,272.3,81486.0,2157.6,1449.1
74926,2014,Tapauá,Amazônia,85365,320.9,81437.4,2157.6,1449.1
74927,2017,Tapauá,Amazônia,85365,328.7,81429.6,2157.6,1449.1
74928,2022,Tapauá,Amazônia,85365,502.2,81256.1,2157.6,1449.1
74929,2009,Tapauá,Amazônia,85365,305.1,81453.2,2157.6,1449.1
74930,2005,Tapauá,Amazônia,85365,296.0,81462.3,2157.6,1449.1
74931,2015,Tapauá,Amazônia,85365,321.4,81436.9,2157.6,1449.1
74932,2012,Tapauá,Amazônia,85365,315.6,81442.7,2157.6,1449.1
74933,2000,Tapauá,Amazônia,85365,266.7,81491.6,2157.6,1449.1
76222,2001,Pauini,Amazônia,41591,157.1,41147.0,24.7,262.2
76223,2019,Pauini,Amazônia,41591,292.1,41012.0,24.7,262.2
76224,2010,Pauini,Amazônia,41591,218.5,41085.6,24.7,262.2
76225,2022,Pauini,Amazônia,41591,372.5,40931.6,24.7,262.2
76226,2011,Pauini,Amazônia,41591,224.2,41079.9,24.7,262.2
76227,2014,Pauini,Amazônia,41591,248.0,41056.1,24.7,262.2
76228,2018,Pauini,Amazônia,41591,281.8,41022.3,24.7,262.2
76229,2017,Pauini,Amazônia,41591,273.7,41030.4,24.7,262.2
76230,2020,Pauini,Amazônia,41591,313.2,40990.9,24.7,262.2
76231,2005,Pauini,Amazônia,41591,194.8,41109.3,24.7,262.2
76232,2006,Pauini,Amazônia,41591,199.0,41105.1,24.7,262.2
76233,2015,Pauini,Amazônia,41591,254.5,41049.6,24.7,262.2
76234,2012,Pauini,Amazônia,41591,233.7,41070.4,24.7,262.2
76235,2007,Pauini,Amazônia,41591,207.1,41097.0,24.7,262.2
76236,2021,Pauini,Amazônia,41591,341.3,40962.8,24.7,262.2
76237,2000,Pauini,Amazônia,41591,149.5,41154.6,24.7,262.2
76238,2016,Pauini,Amazônia,41591,260.1,41044.0,24.7,262.2
76239,2008,Pauini,Amazônia,41591,210.2,41093.9,24.7,262.2
76240,2002,Pauini,Amazônia,41591,167.1,41137.0,24.7,262.2
76241,2009,Pauini,Amazônia,41591,213.4,41090.7,24.7,262.2
76242,2003,Pauini,Amazônia,41591,179.6,41124.5,24.7,262.2
76243,2004,Pauini,Amazônia,41591,185.7,41118.4,24.7,262.2
76244,2013,Pauini,Amazônia,41591,238.5,41065.6,24.7,262.2
77303,2022,Tabatinga,Amazônia,3193,171.9,2938.7,0.0,82.4
77304,2000,Tabatinga,Amazônia,3193,137.0,2973.6,0.0,82.4
77305,2001,Tabatinga,Amazônia,3193,142.7,2967.9,0.0,82.4
77306,2016,Tabatinga,Amazônia,3193,164.0,2946.6,0.0,82.4
77307,2004,Tabatinga,Amazônia,3193,149.9,2960.7,0.0,82.4
77308,2002,Tabatinga,Amazônia,3193,146.5,2964.1,0.0,82.4
77309,2007,Tabatinga,Amazônia,3193,153.4,2957.2,0.0,82.4
77310,2005,Tabatinga,Amazônia,3193,150.8,2959.8,0.0,82.4
77311,2008,Tabatinga,Amazônia,3193,154.4,2956.2,0.0,82.4
77312,2009,Tabatinga,Amazônia,3193,155.5,2955.1,0.0,82.4
77313,2014,Tabatinga,Amazônia,3193,162.0,2948.6,0.0,82.4
77314,2012,Tabatinga,Amazônia,3193,158.1,2952.5,0.0,82.4
77315,2015,Tabatinga,Amazônia,3193,162.2,2948.4,0.0,82.4
77316,2006,Tabatinga,Amazônia,3193,151.4,2959.2,0.0,82.4
77317,2019,Tabatinga,Amazônia,3193,166.3,2944.3,0.0,82.4
77318,2021,Tabatinga,Amazônia,3193,170.6,2940.0,0.0,82.4
77319,2011,Tabatinga,Amazônia,3193,157.4,2953.2,0.0,82.4
77320,2003,Tabatinga,Amazônia,3193,149.4,2961.2,0.0,82.4
77321,2017,Tabatinga,Amazônia,3193,164.4,2946.2,0.0,82.4
77322,2020,Tabatinga,Amazônia,3193,166.9,2943.7,0.0,82.4
77323,2013,Tabatinga,Amazônia,3193,158.3,2952.3,0.0,82.4
77324,2010,Tabatinga,Amazônia,3193,156.5,2954.1,0.0,82.4
77325,2018,Tabatinga,Amazônia,3193,164.6,2946.0,0.0,82.4
77326,2002,Itapiranga,Amazônia,4473,125.9,3929.8,163.3,254.0
77327,2005,Itapiranga,Amazônia,4473,131.9,3923.8,163.3,254.0
77328,2007,Itapiranga,Amazônia,4473,133.0,3922.7,163.3,254.0
77329,2019,Itapiranga,Amazônia,4473,142.4,3913.3,163.3,254.0
77330,2014,Itapiranga,Amazônia,4473,139.4,3916.3,163.3,254.0
77331,2017,Itapiranga,Amazônia,4473,141.3,3914.4,163.3,254.0
77332,2013,Itapiranga,Amazônia,4473,138.6,3917.1,163.3,254.0
77333,2012,Itapiranga,Amazônia,4473,137.2,3918.5,163.3,254.0
77334,2004,Itapiranga,Amazônia,4473,131.2,3924.5,163.3,254.0
77335,2021,Itapiranga,Amazônia,4473,144.2,3911.5,163.3,254.0
77336,2015,Itapiranga,Amazônia,4473,140.2,3915.5,163.3,254.0
77337,2003,Itapiranga,Amazônia,4473,130.0,3925.7,163.3,254.0
77338,2011,Itapiranga,Amazônia,4473,136.8,3918.9,163.3,254.0
77339,2006,Itapiranga,Amazônia,4473,132.2,3923.5,163.3,254.0
77340,2020,Itapiranga,Amazônia,4473,142.6,3913.1,163.3,254.0
77341,2000,Itapiranga,Amazônia,4473,112.5,3943.2,163.3,254.0
77342,2022,Itapiranga,Amazônia,4473,145.9,3909.8,163.3,254.0
77343,2016,Itapiranga,Amazônia,4473,140.2,3915.5,163.3,254.0
77344,2009,Itapiranga,Amazônia,4473,134.5,3921.2,163.3,254.0
77345,2018,Itapiranga,Amazônia,4473,141.5,3914.2,163.3,254.0
77346,2008,Itapiranga,Amazônia,4473,134.2,3921.5,163.3,254.0
77347,2010,Itapiranga,Amazônia,4473,135.7,3920.0,163.3,254.0
77348,2001,Itapiranga,Amazônia,4473,121.2,3934.5,163.3,254.0
79764,2006,Anamã,Amazônia,2430,192.4,1983.0,40.2,214.4
79765,2020,Anamã,Amazônia,2430,202.6,1972.8,40.2,214.4
79766,2013,Anamã,Amazônia,2430,198.9,1976.5,40.2,214.4
79767,2021,Anamã,Amazônia,2430,204.3,1971.1,40.2,214.4
79768,2008,Anamã,Amazônia,2430,193.0,1982.4,40.2,214.4
79769,2001,Anamã,Amazônia,2430,188.3,1987.1,40.2,214.4
79770,2014,Anamã,Amazônia,2430,199.4,1976.0,40.2,214.4
79771,2015,Anamã,Amazônia,2430,200.4,1975.0,40.2,214.4
79772,2007,Anamã,Amazônia,2430,192.9,1982.5,40.2,214.4
79773,2005,Anamã,Amazônia,2430,192.3,1983.1,40.2,214.4
79774,2012,Anamã,Amazônia,2430,198.2,1977.2,40.2,214.4
79775,2018,Anamã,Amazônia,2430,201.6,1973.8,40.2,214.4
79776,2010,Anamã,Amazônia,2430,196.7,1978.7,40.2,214.4
79777,2000,Anamã,Amazônia,2430,177.0,1998.4,40.2,214.4
79778,2003,Anamã,Amazônia,2430,191.5,1983.9,40.2,214.4
79779,2017,Anamã,Amazônia,2430,201.4,1974.0,40.2,214.4
79780,2009,Anamã,Amazônia,2430,194.2,1981.2,40.2,214.4
79781,2016,Anamã,Amazônia,2430,200.4,1975.0,40.2,214.4
79782,2019,Anamã,Amazônia,2430,201.9,1973.5,40.2,214.4
79783,2002,Anamã,Amazônia,2430,189.6,1985.8,40.2,214.4
79784,2022,Anamã,Amazônia,2430,204.6,1970.8,40.2,214.4
79785,2004,Anamã,Amazônia,2430,191.8,1983.6,40.2,214.4
79786,2011,Anamã,Amazônia,2430,197.6,1977.8,40.2,214.4
79902,2006,Eirunepé,Amazônia,14974,359.8,14272.4,162.5,179.3
79903,2007,Eirunepé,Amazônia,14974,361.0,14271.2,162.5,179.3
79904,2020,Eirunepé,Amazônia,14974,394.7,14237.5,162.5,179.3
79905,2019,Eirunepé,Amazônia,14974,391.8,14240.4,162.5,179.3
79906,2001,Eirunepé,Amazônia,14974,323.0,14309.2,162.5,179.3
79907,2004,Eirunepé,Amazônia,14974,356.6,14275.6,162.5,179.3
79908,2011,Eirunepé,Amazônia,14974,374.5,14257.7,162.5,179.3
79909,2002,Eirunepé,Amazônia,14974,331.4,14300.8,162.5,179.3
79910,2003,Eirunepé,Amazônia,14974,349.3,14282.9,162.5,179.3
79911,2009,Eirunepé,Amazônia,14974,365.8,14266.4,162.5,179.3
79912,2014,Eirunepé,Amazônia,14974,379.9,14252.3,162.5,179.3
79913,2013,Eirunepé,Amazônia,14974,376.8,14255.4,162.5,179.3
79914,2012,Eirunepé,Amazônia,14974,375.4,14256.8,162.5,179.3
79915,2010,Eirunepé,Amazônia,14974,371.2,14261.0,162.5,179.3
79916,2005,Eirunepé,Amazônia,14974,358.8,14273.4,162.5,179.3
79917,2022,Eirunepé,Amazônia,14974,407.4,14224.8,162.5,179.3
79918,2018,Eirunepé,Amazônia,14974,388.4,14243.8,162.5,179.3
79919,2008,Eirunepé,Amazônia,14974,364.1,14268.1,162.5,179.3
79920,2021,Eirunepé,Amazônia,14974,400.8,14231.4,162.5,179.3
79921,2015,Eirunepé,Amazônia,14974,380.0,14252.2,162.5,179.3
79922,2016,Eirunepé,Amazônia,14974,381.7,14250.5,162.5,179.3
79923,2017,Eirunepé,Amazônia,14974,384.5,14247.7,162.5,179.3
79924,2000,Eirunepé,Amazônia,14974,287.1,14345.1,162.5,179.3
83950,2005,Barcelos,Amazônia,122501,193.5,100849.8,16957.5,4500.2
83951,2016,Barcelos,Amazônia,122501,207.7,100835.6,16957.5,4500.2
83952,2018,Barcelos,Amazônia,122501,210.0,100833.3,16957.5,4500.2
83953,2017,Barcelos,Amazônia,122501,208.8,100834.5,16957.5,4500.2
83954,2003,Barcelos,Amazônia,122501,187.8,100855.5,16957.5,4500.2
83955,2002,Barcelos,Amazônia,122501,180.3,100863.0,16957.5,4500.2
83956,2021,Barcelos,Amazônia,122501,223.8,100819.5,16957.5,4500.2
83957,2015,Barcelos,Amazônia,122501,206.7,100836.6,16957.5,4500.2
83958,2014,Barcelos,Amazônia,122501,206.4,100836.9,16957.5,4500.2
83959,2006,Barcelos,Amazônia,122501,194.2,100849.1,16957.5,4500.2
83960,2013,Barcelos,Amazônia,122501,204.6,100838.7,16957.5,4500.2
83961,2020,Barcelos,Amazônia,122501,222.4,100820.9,16957.5,4500.2
83962,2007,Barcelos,Amazônia,122501,195.4,100847.9,16957.5,4500.2
83963,2001,Barcelos,Amazônia,122501,178.1,100865.2,16957.5,4500.2
83964,2000,Barcelos,Amazônia,122501,146.1,100897.2,16957.5,4500.2
83965,2019,Barcelos,Amazônia,122501,221.1,100822.2,16957.5,4500.2
83966,2010,Barcelos,Amazônia,122501,200.8,100842.5,16957.5,4500.2
83967,2012,Barcelos,Amazônia,122501,203.6,100839.7,16957.5,4500.2
83968,2009,Barcelos,Amazônia,122501,197.4,100845.9,16957.5,4500.2
83969,2022,Barcelos,Amazônia,122501,224.5,100818.8,16957.5,4500.2
83970,2008,Barcelos,Amazônia,122501,196.9,100846.4,16957.5,4500.2
83971,2004,Barcelos,Amazônia,122501,192.5,100850.8,16957.5,4500.2
83972,2011,Barcelos,Amazônia,122501,202.3,100841.0,16957.5,4500.2
86848,2006,Manaquiri,Amazônia,3978,487.6,3095.1,106.3,289.0
86849,2010,Manaquiri,Amazônia,3978,492.7,3090.0,106.3,289.0
86850,2000,Manaquiri,Amazônia,3978,453.4,3129.3,106.3,289.0
86851,2011,Manaquiri,Amazônia,3978,494.4,3088.3,106.3,289.0
86852,2021,Manaquiri,Amazônia,3978,506.0,3076.7,106.3,289.0
86853,2018,Manaquiri,Amazônia,3978,500.9,3081.8,106.3,289.0
86854,2007,Manaquiri,Amazônia,3978,488.0,3094.7,106.3,289.0
86855,2002,Manaquiri,Amazônia,3978,475.1,3107.6,106.3,289.0
86856,2022,Manaquiri,Amazônia,3978,506.6,3076.1,106.3,289.0
86857,2009,Manaquiri,Amazônia,3978,490.7,3092.0,106.3,289.0
86858,2014,Manaquiri,Amazônia,3978,495.3,3087.4,106.3,289.0
86859,2017,Manaquiri,Amazônia,3978,500.4,3082.3,106.3,289.0
86860,2013,Manaquiri,Amazônia,3978,495.2,3087.5,106.3,289.0
86861,2003,Manaquiri,Amazônia,3978,483.2,3099.5,106.3,289.0
86862,2005,Manaquiri,Amazônia,3978,486.6,3096.1,106.3,289.0
86863,2012,Manaquiri,Amazônia,3978,494.5,3088.2,106.3,289.0
86864,2001,Manaquiri,Amazônia,3978,473.1,3109.6,106.3,289.0
86865,2008,Manaquiri,Amazônia,3978,488.7,3094.0,106.3,289.0
86866,2004,Manaquiri,Amazônia,3978,486.3,3096.4,106.3,289.0
86867,2016,Manaquiri,Amazônia,3978,499.4,3083.3,106.3,289.0
86868,2015,Manaquiri,Amazônia,3978,498.4,3084.3,106.3,289.0
86869,2020,Manaquiri,Amazônia,3978,504.4,3078.3,106.3,289.0
86870,2019,Manaquiri,Amazônia,3978,502.4,3080.3,106.3,289.0
89631,2002,Silves,Amazônia,3727,403.8,2601.7,118.0,603.5
89632,2011,Silves,Amazônia,3727,430.9,2574.6,118.0,603.5
89633,2017,Silves,Amazônia,3727,438.7,2566.8,118.0,603.5
89634,2000,Silves,Amazônia,3727,389.2,2616.3,118.0,603.5
89635,2005,Silves,Amazônia,3727,421.0,2584.5,118.0,603.5
89636,2015,Silves,Amazônia,3727,436.2,2569.3,118.0,603.5
89637,2018,Silves,Amazônia,3727,439.3,2566.2,118.0,603.5
89638,2009,Silves,Amazônia,3727,426.7,2578.8,118.0,603.5
89639,2022,Silves,Amazônia,3727,445.0,2560.5,118.0,603.5
89640,2016,Silves,Amazônia,3727,437.6,2567.9,118.0,603.5
89641,2012,Silves,Amazônia,3727,433.3,2572.2,118.0,603.5
89642,2019,Silves,Amazônia,3727,440.9,2564.6,118.0,603.5
89643,2021,Silves,Amazônia,3727,444.0,2561.5,118.0,603.5
89644,2001,Silves,Amazônia,3727,399.7,2605.8,118.0,603.5
89645,2020,Silves,Amazônia,3727,442.5,2563.0,118.0,603.5
89646,2007,Silves,Amazônia,3727,423.6,2581.9,118.0,603.5
89647,2013,Silves,Amazônia,3727,434.2,2571.3,118.0,603.5
89648,2014,Silves,Amazônia,3727,435.5,2570.0,118.0,603.5
89649,2003,Silves,Amazônia,3727,409.3,2596.2,118.0,603.5
89650,2006,Silves,Amazônia,3727,422.0,2583.5,118.0,603.5
89651,2008,Silves,Amazônia,3727,426.4,2579.1,118.0,603.5
89652,2004,Silves,Amazônia,3727,418.7,2586.8,118.0,603.5
89653,2010,Silves,Amazônia,3727,429.2,2576.3,118.0,603.5
90321,2000,Lábrea,Amazônia,68240,1297.2,64693.6,1808.0,441.2
90322,2003,Lábrea,Amazônia,68240,2121.9,63868.9,1808.0,441.2
90323,2016,Lábrea,Amazônia,68240,4144.1,61846.7,1808.0,441.2
90324,2005,Lábrea,Amazônia,68240,2687.7,63303.1,1808.0,441.2
90325,2015,Lábrea,Amazônia,68240,3833.9,62156.9,1808.0,441.2
90326,2001,Lábrea,Amazônia,68240,1480.6,64510.2,1808.0,441.2
90327,2008,Lábrea,Amazônia,68240,3104.9,62885.9,1808.0,441.2
90328,2014,Lábrea,Amazônia,68240,3597.1,62393.7,1808.0,441.2
90329,2002,Lábrea,Amazônia,68240,1692.5,64298.3,1808.0,441.2
90330,2009,Lábrea,Amazônia,68240,3149.5,62841.3,1808.0,441.2
90331,2017,Lábrea,Amazônia,68240,4421.0,61569.8,1808.0,441.2
90332,2021,Lábrea,Amazônia,68240,6041.4,59949.4,1808.0,441.2
90333,2012,Lábrea,Amazônia,68240,3347.8,62643.0,1808.0,441.2
90334,2018,Lábrea,Amazônia,68240,4736.5,61254.3,1808.0,441.2
90335,2004,Lábrea,Amazônia,68240,2481.4,63509.4,1808.0,441.2
90336,2007,Lábrea,Amazônia,68240,3039.7,62951.1,1808.0,441.2
90337,2022,Lábrea,Amazônia,68240,6741.0,59249.8,1808.0,441.2
90338,2020,Lábrea,Amazônia,68240,5501.2,60489.6,1808.0,441.2
90339,2013,Lábrea,Amazônia,68240,3464.6,62526.2,1808.0,441.2
90340,2011,Lábrea,Amazônia,68240,3264.2,62726.6,1808.0,441.2
90341,2019,Lábrea,Amazônia,68240,5118.3,60872.5,1808.0,441.2
90342,2010,Lábrea,Amazônia,68240,3189.1,62801.7,1808.0,441.2
90343,2006,Lábrea,Amazônia,68240,2926.8,63064.0,1808.0,441.2
92851,2007,Manicoré,Amazônia,48276,1427.4,41852.1,4178.7,817.8
92852,2021,Manicoré,Amazônia,48276,2383.0,40896.5,4178.7,817.8
92853,2017,Manicoré,Amazônia,48276,2006.3,41273.2,4178.7,817.8
92854,2006,Manicoré,Amazônia,48276,1388.0,41891.5,4178.7,817.8
92855,2001,Manicoré,Amazônia,48276,1041.7,42237.8,4178.7,817.8
92856,2008,Manicoré,Amazônia,48276,1468.4,41811.1,4178.7,817.8
92857,2020,Manicoré,Amazônia,48276,2248.3,41031.2,4178.7,817.8
92858,2004,Manicoré,Amazônia,48276,1206.4,42073.1,4178.7,817.8
92859,2013,Manicoré,Amazônia,48276,1719.1,41560.4,4178.7,817.8
92860,2011,Manicoré,Amazônia,48276,1615.7,41663.8,4178.7,817.8
92861,2015,Manicoré,Amazônia,48276,1820.9,41458.6,4178.7,817.8
92862,2005,Manicoré,Amazônia,48276,1310.0,41969.5,4178.7,817.8
92863,2022,Manicoré,Amazônia,48276,2629.9,40649.6,4178.7,817.8
92864,2018,Manicoré,Amazônia,48276,2087.0,41192.5,4178.7,817.8
92865,2000,Manicoré,Amazônia,48276,1006.7,42272.8,4178.7,817.8
92866,2003,Manicoré,Amazônia,48276,1146.1,42133.4,4178.7,817.8
92867,2016,Manicoré,Amazônia,48276,1906.9,41372.6,4178.7,817.8
92868,2009,Manicoré,Amazônia,48276,1498.2,41781.3,4178.7,817.8
92869,2014,Manicoré,Amazônia,48276,1748.4,41531.1,4178.7,817.8
92870,2012,Manicoré,Amazônia,48276,1676.2,41603.3,4178.7,817.8
92871,2019,Manicoré,Amazônia,48276,2168.6,41110.9,4178.7,817.8
92872,2002,Manicoré,Amazônia,48276,1062.1,42217.4,4178.7,817.8
92873,2010,Manicoré,Amazônia,48276,1561.1,41718.4,4178.7,817.8
93771,2011,Canutama,Amazônia,33685,937.7,31439.1,978.5,329.7
93772,2015,Canutama,Amazônia,33685,1050.4,31326.4,978.5,329.7
93773,2000,Canutama,Amazônia,33685,451.2,31925.6,978.5,329.7
93774,2010,Canutama,Amazônia,33685,912.0,31464.8,978.5,329.7
93775,2001,Canutama,Amazônia,33685,479.0,31897.8,978.5,329.7
93776,2008,Canutama,Amazônia,33685,886.1,31490.7,978.5,329.7
93777,2006,Canutama,Amazônia,33685,806.0,31570.8,978.5,329.7
93778,2012,Canutama,Amazônia,33685,990.4,31386.4,978.5,329.7
93779,2019,Canutama,Amazônia,33685,1208.4,31168.4,978.5,329.7
93780,2005,Canutama,Amazônia,33685,733.6,31643.2,978.5,329.7
93781,2016,Canutama,Amazônia,33685,1076.8,31300.0,978.5,329.7
93782,2018,Canutama,Amazônia,33685,1148.5,31228.3,978.5,329.7
93783,2004,Canutama,Amazônia,33685,669.3,31707.5,978.5,329.7
93784,2014,Canutama,Amazônia,33685,1036.2,31340.6,978.5,329.7
93785,2022,Canutama,Amazônia,33685,1554.5,30822.3,978.5,329.7
93786,2003,Canutama,Amazônia,33685,609.5,31767.3,978.5,329.7
93787,2002,Canutama,Amazônia,33685,503.6,31873.2,978.5,329.7
93788,2013,Canutama,Amazônia,33685,1019.9,31356.9,978.5,329.7
93789,2021,Canutama,Amazônia,33685,1397.8,30979.0,978.5,329.7
93790,2020,Canutama,Amazônia,33685,1270.8,31106.0,978.5,329.7
93791,2009,Canutama,Amazônia,33685,900.0,31476.8,978.5,329.7
93792,2007,Canutama,Amazônia,33685,848.2,31528.6,978.5,329.7
93793,2017,Canutama,Amazônia,33685,1104.9,31271.9,978.5,329.7
95174,2018,Guajará,Amazônia,7575,509.5,6857.6,201.1,6.8
95175,2022,Guajará,Amazônia,7575,608.4,6758.7,201.1,6.8
95176,2012,Guajará,Amazônia,7575,478.3,6888.8,201.1,6.8
95177,2009,Guajará,Amazônia,7575,459.0,6908.1,201.1,6.8
95178,2000,Guajará,Amazônia,7575,329.9,7037.2,201.1,6.8
95179,2007,Guajará,Amazônia,7575,453.5,6913.6,201.1,6.8
95180,2010,Guajará,Amazônia,7575,466.9,6900.2,201.1,6.8
95181,2016,Guajará,Amazônia,7575,492.9,6874.2,201.1,6.8
95182,2015,Guajará,Amazônia,7575,487.1,6880.0,201.1,6.8
95183,2020,Guajará,Amazônia,7575,549.0,6818.1,201.1,6.8
95184,2011,Guajará,Amazônia,7575,473.4,6893.7,201.1,6.8
95185,2004,Guajará,Amazônia,7575,441.7,6925.4,201.1,6.8
95186,2002,Guajará,Amazônia,7575,369.5,6997.6,201.1,6.8
95187,2006,Guajará,Amazônia,7575,451.1,6916.0,201.1,6.8
95188,2019,Guajará,Amazônia,7575,528.4,6838.7,201.1,6.8
95189,2003,Guajará,Amazônia,7575,399.7,6967.4,201.1,6.8
95190,2021,Guajará,Amazônia,7575,573.8,6793.3,201.1,6.8
95191,2013,Guajará,Amazônia,7575,481.4,6885.7,201.1,6.8
95192,2008,Guajará,Amazônia,7575,457.0,6910.1,201.1,6.8
95193,2005,Guajará,Amazônia,7575,450.2,6916.9,201.1,6.8
95194,2001,Guajará,Amazônia,7575,340.3,7026.8,201.1,6.8
95195,2014,Guajará,Amazônia,7575,482.6,6884.5,201.1,6.8
95196,2017,Guajará,Amazônia,7575,497.7,6869.4,201.1,6.8
96646,2019,Barreirinha,Amazônia,5785,811.7,3610.0,409.5,953.8
96647,2009,Barreirinha,Amazônia,5785,764.6,3657.1,409.5,953.8
96648,2014,Barreirinha,Amazônia,5785,795.5,3626.2,409.5,953.8
96649,2003,Barreirinha,Amazônia,5785,735.5,3686.2,409.5,953.8
96650,2000,Barreirinha,Amazônia,5785,699.1,3722.6,409.5,953.8
96651,2004,Barreirinha,Amazônia,5785,739.2,3682.5,409.5,953.8
96652,2022,Barreirinha,Amazônia,5785,821.2,3600.5,409.5,953.8
96653,2011,Barreirinha,Amazônia,5785,783.2,3638.5,409.5,953.8
96654,2020,Barreirinha,Amazônia,5785,813.1,3608.6,409.5,953.8
96655,2006,Barreirinha,Amazônia,5785,749.4,3672.3,409.5,953.8
96656,2005,Barreirinha,Amazônia,5785,745.0,3676.7,409.5,953.8
96657,2002,Barreirinha,Amazônia,5785,718.5,3703.2,409.5,953.8
96658,2001,Barreirinha,Amazônia,5785,717.4,3704.3,409.5,953.8
96659,2015,Barreirinha,Amazônia,5785,801.3,3620.4,409.5,953.8
96660,2021,Barreirinha,Amazônia,5785,816.3,3605.4,409.5,953.8
96661,2010,Barreirinha,Amazônia,5785,778.2,3643.5,409.5,953.8
96662,2018,Barreirinha,Amazônia,5785,807.9,3613.8,409.5,953.8
96663,2007,Barreirinha,Amazônia,5785,754.0,3667.7,409.5,953.8
96664,2017,Barreirinha,Amazônia,5785,806.3,3615.4,409.5,953.8
96665,2013,Barreirinha,Amazônia,5785,789.1,3632.6,409.5,953.8
96666,2008,Barreirinha,Amazônia,5785,761.9,3659.8,409.5,953.8
96667,2012,Barreirinha,Amazônia,5785,786.0,3635.7,409.5,953.8
96668,2016,Barreirinha,Amazônia,5785,803.0,3618.7,409.5,953.8
98003,2000,São Paulo de Olivença,Amazônia,19868,103.8,19138.7,81.2,544.3
98004,2002,São Paulo de Olivença,Amazônia,19868,167.4,19075.1,81.2,544.3
98005,2020,São Paulo de Olivença,Amazônia,19868,188.4,19054.1,81.2,544.3
98006,2018,São Paulo de Olivença,Amazônia,19868,182.0,19060.5,81.2,544.3
98007,2008,São Paulo de Olivença,Amazônia,19868,174.7,19067.8,81.2,544.3
98008,2011,São Paulo de Olivença,Amazônia,19868,177.2,19065.3,81.2,544.3
98009,2013,São Paulo de Olivença,Amazônia,19868,178.1,19064.4,81.2,544.3
98010,2006,São Paulo de Olivença,Amazônia,19868,173.1,19069.4,81.2,544.3
98011,2021,São Paulo de Olivença,Amazônia,19868,190.2,19052.3,81.2,544.3
98012,2001,São Paulo de Olivença,Amazônia,19868,117.0,19125.5,81.2,544.3
98013,2015,São Paulo de Olivença,Amazônia,19868,179.2,19063.3,81.2,544.3
98014,2014,São Paulo de Olivença,Amazônia,19868,178.8,19063.7,81.2,544.3
98015,2022,São Paulo de Olivença,Amazônia,19868,191.0,19051.5,81.2,544.3
98016,2017,São Paulo de Olivença,Amazônia,19868,181.8,19060.7,81.2,544.3
98017,2003,São Paulo de Olivença,Amazônia,19868,168.6,19073.9,81.2,544.3
98018,2007,São Paulo de Olivença,Amazônia,19868,174.4,19068.1,81.2,544.3
98019,2010,São Paulo de Olivença,Amazônia,19868,176.3,19066.2,81.2,544.3
98020,2012,São Paulo de Olivença,Amazônia,19868,177.8,19064.7,81.2,544.3
98021,2009,São Paulo de Olivença,Amazônia,19868,175.4,19067.1,81.2,544.3
98022,2004,São Paulo de Olivença,Amazônia,19868,171.2,19071.3,81.2,544.3
98023,2016,São Paulo de Olivença,Amazônia,19868,180.8,19061.7,81.2,544.3
98024,2019,São Paulo de Olivença,Amazônia,19868,184.9,19057.6,81.2,544.3
98025,2005,São Paulo de Olivença,Amazônia,19868,172.1,19070.4,81.2,544.3
99659,2002,Manacapuru,Amazônia,7327,702.8,4384.6,808.0,1431.6
99660,2005,Manacapuru,Amazônia,7327,748.5,4338.9,808.0,1431.6
99661,2006,Manacapuru,Amazônia,7327,752.3,4335.1,808.0,1431.6
99662,2010,Manacapuru,Amazônia,7327,782.2,4305.2,808.0,1431.6
99663,2016,Manacapuru,Amazônia,7327,810.0,4277.4,808.0,1431.6
99664,2012,Manacapuru,Amazônia,7327,792.4,4295.0,808.0,1431.6
99665,2000,Manacapuru,Amazônia,7327,633.3,4454.1,808.0,1431.6
99666,2007,Manacapuru,Amazônia,7327,754.5,4332.9,808.0,1431.6
99667,2015,Manacapuru,Amazônia,7327,805.7,4281.7,808.0,1431.6
99668,2020,Manacapuru,Amazônia,7327,829.5,4257.9,808.0,1431.6
99669,2009,Manacapuru,Amazônia,7327,771.4,4316.0,808.0,1431.6
99670,2001,Manacapuru,Amazônia,7327,693.7,4393.7,808.0,1431.6
99671,2022,Manacapuru,Amazônia,7327,837.1,4250.3,808.0,1431.6
99672,2003,Manacapuru,Amazônia,7327,737.6,4349.8,808.0,1431.6
99673,2013,Manacapuru,Amazônia,7327,794.2,4293.2,808.0,1431.6
99674,2008,Manacapuru,Amazônia,7327,756.7,4330.7,808.0,1431.6
99675,2017,Manacapuru,Amazônia,7327,812.5,4274.9,808.0,1431.6
99676,2011,Manacapuru,Amazônia,7327,791.0,4296.4,808.0,1431.6
99677,2021,Manacapuru,Amazônia,7327,835.4,4252.0,808.0,1431.6
99678,2018,Manacapuru,Amazônia,7327,814.5,4272.9,808.0,1431.6
99679,2019,Manacapuru,Amazônia,7327,818.6,4268.8,808.0,1431.6
99680,2004,Manacapuru,Amazônia,7327,745.5,4341.9,808.0,1431.6
99681,2014,Manacapuru,Amazônia,7327,797.7,4289.7,808.0,1431.6
100809,2003,Alvarães,Amazônia,6049,289.3,5519.5,54.4,185.8
100810,2012,Alvarães,Amazônia,6049,322.5,5486.3,54.4,185.8
100811,2022,Alvarães,Amazônia,6049,360.8,5448.0,54.4,185.8
100812,2019,Alvarães,Amazônia,6049,346.6,5462.2,54.4,185.8
100813,2011,Alvarães,Amazônia,6049,321.8,5487.0,54.4,185.8
100814,2010,Alvarães,Amazônia,6049,319.5,5489.3,54.4,185.8
100815,2017,Alvarães,Amazônia,6049,338.4,5470.4,54.4,185.8
100816,2018,Alvarães,Amazônia,6049,343.8,5465.0,54.4,185.8
100817,2014,Alvarães,Amazônia,6049,329.6,5479.2,54.4,185.8
100818,2015,Alvarães,Amazônia,6049,330.2,5478.6,54.4,185.8
100819,2007,Alvarães,Amazônia,6049,300.4,5508.4,54.4,185.8
100820,2020,Alvarães,Amazônia,6049,352.0,5456.8,54.4,185.8
100821,2002,Alvarães,Amazônia,6049,279.7,5529.1,54.4,185.8
100822,2001,Alvarães,Amazônia,6049,263.2,5545.6,54.4,185.8
100823,2021,Alvarães,Amazônia,6049,359.4,5449.4,54.4,185.8
100824,2016,Alvarães,Amazônia,6049,334.2,5474.6,54.4,185.8
100825,2009,Alvarães,Amazônia,6049,312.9,5495.9,54.4,185.8
100826,2005,Alvarães,Amazônia,6049,295.4,5513.4,54.4,185.8
100827,2006,Alvarães,Amazônia,6049,298.3,5510.5,54.4,185.8
100828,2000,Alvarães,Amazônia,6049,258.3,5550.5,54.4,185.8
100829,2004,Alvarães,Amazônia,6049,290.8,5518.0,54.4,185.8
100830,2008,Alvarães,Amazônia,6049,310.9,5497.9,54.4,185.8
100831,2013,Alvarães,Amazônia,6049,323.3,5485.5,54.4,185.8
100832,2020,Borba,Amazônia,44193,578.2,41197.5,589.1,1828.2
100833,2014,Borba,Amazônia,44193,542.1,41233.6,589.1,1828.2
100834,2019,Borba,Amazônia,44193,565.9,41209.8,589.1,1828.2
100835,2009,Borba,Amazônia,44193,514.5,41261.2,589.1,1828.2
100836,2022,Borba,Amazônia,44193,631.3,41144.4,589.1,1828.2
100837,2002,Borba,Amazônia,44193,472.0,41303.7,589.1,1828.2
100838,2015,Borba,Amazônia,44193,546.2,41229.5,589.1,1828.2
100839,2016,Borba,Amazônia,44193,547.8,41227.9,589.1,1828.2
100840,2003,Borba,Amazônia,44193,480.6,41295.1,589.1,1828.2
100841,2021,Borba,Amazônia,44193,593.1,41182.6,589.1,1828.2
100842,2013,Borba,Amazônia,44193,539.7,41236.0,589.1,1828.2
100843,2010,Borba,Amazônia,44193,523.6,41252.1,589.1,1828.2
100844,2018,Borba,Amazônia,44193,555.2,41220.5,589.1,1828.2
100845,2007,Borba,Amazônia,44193,503.4,41272.3,589.1,1828.2
100846,2005,Borba,Amazônia,44193,500.6,41275.1,589.1,1828.2
100847,2004,Borba,Amazônia,44193,489.5,41286.2,589.1,1828.2
100848,2000,Borba,Amazônia,44193,465.1,41310.6,589.1,1828.2
100849,2008,Borba,Amazônia,44193,511.9,41263.8,589.1,1828.2
100850,2006,Borba,Amazônia,44193,502.3,41273.4,589.1,1828.2
100851,2017,Borba,Amazônia,44193,551.2,41224.5,589.1,1828.2
100852,2011,Borba,Amazônia,44193,535.3,41240.4,589.1,1828.2
100853,2012,Borba,Amazônia,44193,537.3,41238.4,589.1,1828.2
100854,2001,Borba,Amazônia,44193,468.7,41307.0,589.1,1828.2
102120,2022,Amaturá,Amazônia,4771,117.0,4219.9,220.1,214.0
102121,2014,Amaturá,Amazônia,4771,114.4,4222.5,220.1,214.0
102122,2001,Amaturá,Amazônia,4771,108.4,4228.5,220.1,214.0
102123,2008,Amaturá,Amazônia,4771,110.8,4226.1,220.1,214.0
102124,2000,Amaturá,Amazônia,4771,105.4,4231.5,220.1,214.0
102125,2003,Amaturá,Amazônia,4771,109.5,4227.4,220.1,214.0
102126,2007,Amaturá,Amazônia,4771,110.7,4226.2,220.1,214.0
102127,2018,Amaturá,Amazônia,4771,116.2,4220.7,220.1,214.0
102128,2010,Amaturá,Amazônia,4771,112.7,4224.2,220.1,214.0
102129,2004,Amaturá,Amazônia,4771,110.4,4226.5,220.1,214.0
102130,2021,Amaturá,Amazônia,4771,116.9,4220.0,220.1,214.0
102131,2020,Amaturá,Amazônia,4771,116.4,4220.5,220.1,214.0
102132,2009,Amaturá,Amazônia,4771,111.7,4225.2,220.1,214.0
102133,2013,Amaturá,Amazônia,4771,114.4,4222.5,220.1,214.0
102134,2012,Amaturá,Amazônia,4771,114.4,4222.5,220.1,214.0
102135,2005,Amaturá,Amazônia,4771,110.4,4226.5,220.1,214.0
102136,2016,Amaturá,Amazônia,4771,115.2,4221.7,220.1,214.0
102137,2019,Amaturá,Amazônia,4771,116.2,4220.7,220.1,214.0
102138,2017,Amaturá,Amazônia,4771,115.8,4221.1,220.1,214.0
102139,2002,Amaturá,Amazônia,4771,108.4,4228.5,220.1,214.0
102140,2006,Amaturá,Amazônia,4771,110.6,4226.3,220.1,214.0
102141,2011,Amaturá,Amazônia,4771,114.2,4222.7,220.1,214.0
102142,2015,Amaturá,Amazônia,4771,115.0,4221.9,220.1,214.0
102143,2009,Manaus,Amazônia,11427,1235.9,8632.3,2.3,1556.5
102144,2008,Manaus,Amazônia,11427,1232.2,8636.0,2.3,1556.5
102145,2015,Manaus,Amazônia,11427,1258.7,8609.5,2.3,1556.5
102146,2020,Manaus,Amazônia,11427,1274.2,8594.0,2.3,1556.5
102147,2021,Manaus,Amazônia,11427,1279.9,8588.3,2.3,1556.5
102148,2019,Manaus,Amazônia,11427,1267.5,8600.7,2.3,1556.5
102149,2011,Manaus,Amazônia,11427,1248.4,8619.8,2.3,1556.5
102150,2010,Manaus,Amazônia,11427,1246.2,8622.0,2.3,1556.5
102151,2007,Manaus,Amazônia,11427,1229.2,8639.0,2.3,1556.5
102152,2001,Manaus,Amazônia,11427,1170.1,8698.1,2.3,1556.5
102153,2012,Manaus,Amazônia,11427,1252.3,8615.9,2.3,1556.5
102154,2006,Manaus,Amazônia,11427,1227.1,8641.1,2.3,1556.5
102155,2017,Manaus,Amazônia,11427,1261.9,8606.3,2.3,1556.5
102156,2018,Manaus,Amazônia,11427,1262.9,8605.3,2.3,1556.5
102157,2000,Manaus,Amazônia,11427,1096.7,8771.5,2.3,1556.5
102158,2014,Manaus,Amazônia,11427,1256.9,8611.3,2.3,1556.5
102159,2022,Manaus,Amazônia,11427,1283.6,8584.6,2.3,1556.5
102160,2004,Manaus,Amazônia,11427,1223.5,8644.7,2.3,1556.5
102161,2016,Manaus,Amazônia,11427,1259.9,8608.3,2.3,1556.5
102162,2013,Manaus,Amazônia,11427,1254.6,8613.6,2.3,1556.5
102163,2003,Manaus,Amazônia,11427,1211.1,8657.1,2.3,1556.5
102164,2002,Manaus,Amazônia,11427,1187.6,8680.6,2.3,1556.5
102165,2005,Manaus,Amazônia,11427,1224.8,8643.4,2.3,1556.5
104742,2013,Presidente Figueiredo,Amazônia,25511,739.6,21334.6,1.0,3435.8
104743,2009,Presidente Figueiredo,Amazônia,25511,709.1,21365.1,1.0,3435.8
104744,2002,Presidente Figueiredo,Amazônia,25511,596.2,21478.0,1.0,3435.8
104745,2010,Presidente Figueiredo,Amazônia,25511,718.4,21355.8,1.0,3435.8
104746,2001,Presidente Figueiredo,Amazônia,25511,583.4,21490.8,1.0,3435.8
104747,2006,Presidente Figueiredo,Amazônia,25511,663.8,21410.4,1.0,3435.8
104748,2005,Presidente Figueiredo,Amazônia,25511,658.0,21416.2,1.0,3435.8
104749,2021,Presidente Figueiredo,Amazônia,25511,808.8,21265.4,1.0,3435.8
104750,2011,Presidente Figueiredo,Amazônia,25511,730.1,21344.1,1.0,3435.8
104751,2008,Presidente Figueiredo,Amazônia,25511,695.4,21378.8,1.0,3435.8
104752,2014,Presidente Figueiredo,Amazônia,25511,746.2,21328.0,1.0,3435.8
104753,2015,Presidente Figueiredo,Amazônia,25511,753.9,21320.3,1.0,3435.8
104754,2012,Presidente Figueiredo,Amazônia,25511,735.5,21338.7,1.0,3435.8
104755,2000,Presidente Figueiredo,Amazônia,25511,524.8,21549.4,1.0,3435.8
104756,2022,Presidente Figueiredo,Amazônia,25511,823.9,21250.3,1.0,3435.8
104757,2020,Presidente Figueiredo,Amazônia,25511,793.8,21280.4,1.0,3435.8
104758,2016,Presidente Figueiredo,Amazônia,25511,760.3,21313.9,1.0,3435.8
104759,2018,Presidente Figueiredo,Amazônia,25511,774.8,21299.4,1.0,3435.8
104760,2017,Presidente Figueiredo,Amazônia,25511,768.9,21305.3,1.0,3435.8
104761,2019,Presidente Figueiredo,Amazônia,25511,784.5,21289.7,1.0,3435.8
104762,2007,Presidente Figueiredo,Amazônia,25511,676.4,21397.8,1.0,3435.8
104763,2003,Presidente Figueiredo,Amazônia,25511,629.9,21444.3,1.0,3435.8
104764,2004,Presidente Figueiredo,Amazônia,25511,644.4,21429.8,1.0,3435.8
107226,2001,Rio Preto da Eva,Amazônia,5804,515.5,5277.4,0.1,11.0
107227,2010,Rio Preto da Eva,Amazônia,5804,564.6,5228.3,0.1,11.0
107228,2013,Rio Preto da Eva,Amazônia,5804,573.7,5219.2,0.1,11.0
107229,2017,Rio Preto da Eva,Amazônia,5804,582.9,5210.0,0.1,11.0
107230,2008,Rio Preto da Eva,Amazônia,5804,559.4,5233.5,0.1,11.0
107231,2020,Rio Preto da Eva,Amazônia,5804,591.3,5201.6,0.1,11.0
107232,2022,Rio Preto da Eva,Amazônia,5804,599.8,5193.1,0.1,11.0
107233,2019,Rio Preto da Eva,Amazônia,5804,588.3,5204.6,0.1,11.0
107234,2021,Rio Preto da Eva,Amazônia,5804,595.4,5197.5,0.1,11.0
107235,2015,Rio Preto da Eva,Amazônia,5804,576.6,5216.3,0.1,11.0
107236,2004,Rio Preto da Eva,Amazônia,5804,545.7,5247.2,0.1,11.0
107237,2016,Rio Preto da Eva,Amazônia,5804,580.6,5212.3,0.1,11.0
107238,2014,Rio Preto da Eva,Amazônia,5804,574.9,5218.0,0.1,11.0
107239,2002,Rio Preto da Eva,Amazônia,5804,523.1,5269.8,0.1,11.0
107240,2007,Rio Preto da Eva,Amazônia,5804,552.3,5240.6,0.1,11.0
107241,2006,Rio Preto da Eva,Amazônia,5804,548.9,5244.0,0.1,11.0
107242,2018,Rio Preto da Eva,Amazônia,5804,584.7,5208.2,0.1,11.0
107243,2012,Rio Preto da Eva,Amazônia,5804,573.1,5219.8,0.1,11.0
107244,2005,Rio Preto da Eva,Amazônia,5804,548.2,5244.7,0.1,11.0
107245,2009,Rio Preto da Eva,Amazônia,5804,560.7,5232.2,0.1,11.0
107246,2003,Rio Preto da Eva,Amazônia,5804,540.1,5252.8,0.1,11.0
107247,2011,Rio Preto da Eva,Amazônia,5804,570.2,5222.7,0.1,11.0
107248,2000,Rio Preto da Eva,Amazônia,5804,500.6,5292.3,0.1,11.0
109756,2009,Carauari,Amazônia,25776,290.1,25082.0,12.2,391.7
109757,2003,Carauari,Amazônia,25776,281.6,25090.5,12.2,391.7
109758,2004,Carauari,Amazônia,25776,282.7,25089.4,12.2,391.7
109759,2005,Carauari,Amazônia,25776,285.4,25086.7,12.2,391.7
109760,2021,Carauari,Amazônia,25776,301.0,25071.1,12.2,391.7
109761,2017,Carauari,Amazônia,25776,296.4,25075.7,12.2,391.7
109762,2001,Carauari,Amazônia,25776,268.1,25104.0,12.2,391.7
109763,2007,Carauari,Amazônia,25776,287.2,25084.9,12.2,391.7
109764,2018,Carauari,Amazônia,25776,297.9,25074.2,12.2,391.7
109765,2006,Carauari,Amazônia,25776,285.7,25086.4,12.2,391.7
109766,2002,Carauari,Amazônia,25776,277.3,25094.8,12.2,391.7
109767,2014,Carauari,Amazônia,25776,294.4,25077.7,12.2,391.7
109768,2011,Carauari,Amazônia,25776,291.9,25080.2,12.2,391.7
109769,2015,Carauari,Amazônia,25776,294.8,25077.3,12.2,391.7
109770,2022,Carauari,Amazônia,25776,302.9,25069.2,12.2,391.7
109771,2020,Carauari,Amazônia,25776,299.9,25072.2,12.2,391.7
109772,2000,Carauari,Amazônia,25776,258.2,25113.9,12.2,391.7
109773,2008,Carauari,Amazônia,25776,289.5,25082.6,12.2,391.7
109774,2012,Carauari,Amazônia,25776,292.4,25079.7,12.2,391.7
109775,2016,Carauari,Amazônia,25776,296.0,25076.1,12.2,391.7
109776,2010,Carauari,Amazônia,25776,291.4,25080.7,12.2,391.7
109777,2013,Carauari,Amazônia,25776,293.3,25078.8,12.2,391.7
109778,2019,Carauari,Amazônia,25776,298.5,25073.6,12.2,391.7
113022,2003,Nova Olinda do Norte,Amazônia,5558,388.6,4471.2,280.1,418.1
113023,2010,Nova Olinda do Norte,Amazônia,5558,414.8,4445.0,280.1,418.1
113024,2012,Nova Olinda do Norte,Amazônia,5558,420.1,4439.7,280.1,418.1
113025,2016,Nova Olinda do Norte,Amazônia,5558,432.9,4426.9,280.1,418.1
113026,2022,Nova Olinda do Norte,Amazônia,5558,468.7,4391.1,280.1,418.1
113027,2004,Nova Olinda do Norte,Amazônia,5558,399.7,4460.1,280.1,418.1
113028,2019,Nova Olinda do Norte,Amazônia,5558,444.0,4415.8,280.1,418.1
113029,2018,Nova Olinda do Norte,Amazônia,5558,438.1,4421.7,280.1,418.1
113030,2000,Nova Olinda do Norte,Amazônia,5558,359.2,4500.6,280.1,418.1
113031,2007,Nova Olinda do Norte,Amazônia,5558,405.1,4454.7,280.1,418.1
113032,2008,Nova Olinda do Norte,Amazônia,5558,411.3,4448.5,280.1,418.1
113033,2021,Nova Olinda do Norte,Amazônia,5558,456.5,4403.3,280.1,418.1
113034,2002,Nova Olinda do Norte,Amazônia,5558,377.4,4482.4,280.1,418.1
113035,2006,Nova Olinda do Norte,Amazônia,5558,404.4,4455.4,280.1,418.1
113036,2009,Nova Olinda do Norte,Amazônia,5558,412.5,4447.3,280.1,418.1
113037,2014,Nova Olinda do Norte,Amazônia,5558,423.5,4436.3,280.1,418.1
113038,2017,Nova Olinda do Norte,Amazônia,5558,436.2,4423.6,280.1,418.1
113039,2013,Nova Olinda do Norte,Amazônia,5558,420.9,4438.9,280.1,418.1
113040,2015,Nova Olinda do Norte,Amazônia,5558,429.1,4430.7,280.1,418.1
113041,2005,Nova Olinda do Norte,Amazônia,5558,402.6,4457.2,280.1,418.1
113042,2011,Nova Olinda do Norte,Amazônia,5558,417.9,4441.9,280.1,418.1
113043,2001,Nova Olinda do Norte,Amazônia,5558,367.6,4492.2,280.1,418.1
113044,2020,Nova Olinda do Norte,Amazônia,5558,450.1,4409.7,280.1,418.1
115414,2015,Jutaí,Amazônia,69562,242.9,68127.3,87.5,1104.3
115415,2009,Jutaí,Amazônia,69562,229.1,68141.1,87.5,1104.3
115416,2013,Jutaí,Amazônia,69562,239.2,68131.0,87.5,1104.3
115417,2008,Jutaí,Amazônia,69562,228.3,68141.9,87.5,1104.3
115418,2000,Jutaí,Amazônia,69562,175.2,68195.0,87.5,1104.3
115419,2016,Jutaí,Amazônia,69562,244.5,68125.7,87.5,1104.3
115420,2006,Jutaí,Amazônia,69562,223.4,68146.8,87.5,1104.3
115421,2010,Jutaí,Amazônia,69562,234.0,68136.2,87.5,1104.3
115422,2019,Jutaí,Amazônia,69562,265.8,68104.4,87.5,1104.3
115423,2005,Jutaí,Amazônia,69562,222.3,68147.9,87.5,1104.3
115424,2018,Jutaí,Amazônia,69562,255.0,68115.2,87.5,1104.3
115425,2011,Jutaí,Amazônia,69562,237.1,68133.1,87.5,1104.3
115426,2017,Jutaí,Amazônia,69562,253.9,68116.3,87.5,1104.3
115427,2007,Jutaí,Amazônia,69562,224.4,68145.8,87.5,1104.3
115428,2021,Jutaí,Amazônia,69562,274.3,68095.9,87.5,1104.3
115429,2012,Jutaí,Amazônia,69562,237.8,68132.4,87.5,1104.3
115430,2003,Jutaí,Amazônia,69562,220.0,68150.2,87.5,1104.3
115431,2014,Jutaí,Amazônia,69562,241.8,68128.4,87.5,1104.3
115432,2002,Jutaí,Amazônia,69562,197.8,68172.4,87.5,1104.3
115433,2001,Jutaí,Amazônia,69562,188.5,68181.7,87.5,1104.3
115434,2022,Jutaí,Amazônia,69562,286.1,68084.1,87.5,1104.3
115435,2020,Jutaí,Amazônia,69562,273.1,68097.1,87.5,1104.3
115436,2004,Jutaí,Amazônia,69562,221.1,68149.1,87.5,1104.3
116081,2022,Juruá,Amazônia,19387,158.9,18363.0,140.8,724.3
116082,2005,Juruá,Amazônia,19387,137.6,18384.3,140.8,724.3
116083,2006,Juruá,Amazônia,19387,139.3,18382.6,140.8,724.3
116084,2009,Juruá,Amazônia,19387,145.2,18376.7,140.8,724.3
116085,2019,Juruá,Amazônia,19387,156.1,18365.8,140.8,724.3
116086,2017,Juruá,Amazônia,19387,154.4,18367.5,140.8,724.3
116087,2014,Juruá,Amazônia,19387,152.7,18369.2,140.8,724.3
116088,2015,Juruá,Amazônia,19387,152.9,18369.0,140.8,724.3
116089,2016,Juruá,Amazônia,19387,153.8,18368.1,140.8,724.3
116090,2007,Juruá,Amazônia,19387,140.3,18381.6,140.8,724.3
116091,2012,Juruá,Amazônia,19387,149.0,18372.9,140.8,724.3
116092,2002,Juruá,Amazônia,19387,126.9,18395.0,140.8,724.3
116093,2018,Juruá,Amazônia,19387,155.8,18366.1,140.8,724.3
116094,2021,Juruá,Amazônia,19387,158.5,18363.4,140.8,724.3
116095,2013,Juruá,Amazônia,19387,149.4,18372.5,140.8,724.3
116096,2001,Juruá,Amazônia,19387,118.4,18403.5,140.8,724.3
116097,2004,Juruá,Amazônia,19387,135.0,18386.9,140.8,724.3
116098,2003,Juruá,Amazônia,19387,134.5,18387.4,140.8,724.3
116099,2020,Juruá,Amazônia,19387,156.9,18365.0,140.8,724.3
116100,2000,Juruá,Amazônia,19387,114.9,18407.0,140.8,724.3
116101,2008,Juruá,Amazônia,19387,143.3,18378.6,140.8,724.3
116102,2010,Juruá,Amazônia,19387,148.1,18373.8,140.8,724.3
116103,2011,Juruá,Amazônia,19387,148.6,18373.3,140.8,724.3
122038,2000,Japurá,Amazônia,55750,43.5,54231.9,2.6,1472.0
122039,2012,Japurá,Amazônia,55750,57.9,54217.5,2.6,1472.0
122040,2003,Japurá,Amazônia,55750,47.7,54227.7,2.6,1472.0
122041,2015,Japurá,Amazônia,55750,58.6,54216.8,2.6,1472.0
122042,2006,Japurá,Amazônia,55750,50.2,54225.2,2.6,1472.0
122043,2016,Japurá,Amazônia,55750,58.8,54216.6,2.6,1472.0
122044,2017,Japurá,Amazônia,55750,59.4,54216.0,2.6,1472.0
122045,2002,Japurá,Amazônia,55750,46.2,54229.2,2.6,1472.0
122046,2022,Japurá,Amazônia,55750,80.7,54194.7,2.6,1472.0
122047,2014,Japurá,Amazônia,55750,58.6,54216.8,2.6,1472.0
122048,2011,Japurá,Amazônia,55750,57.5,54217.9,2.6,1472.0
122049,2005,Japurá,Amazônia,55750,50.1,54225.3,2.6,1472.0
122050,2019,Japurá,Amazônia,55750,60.9,54214.5,2.6,1472.0
122051,2004,Japurá,Amazônia,55750,48.1,54227.3,2.6,1472.0
122052,2021,Japurá,Amazônia,55750,67.4,54208.0,2.6,1472.0
122053,2010,Japurá,Amazônia,55750,56.2,54219.2,2.6,1472.0
122054,2020,Japurá,Amazônia,55750,63.1,54212.3,2.6,1472.0
122055,2007,Japurá,Amazônia,55750,50.6,54224.8,2.6,1472.0
122056,2001,Japurá,Amazônia,55750,45.3,54230.1,2.6,1472.0
122057,2013,Japurá,Amazônia,55750,58.1,54217.3,2.6,1472.0
122058,2009,Japurá,Amazônia,55750,52.6,54222.8,2.6,1472.0
122059,2008,Japurá,Amazônia,55750,52.1,54223.3,2.6,1472.0
122060,2018,Japurá,Amazônia,55750,60.4,54215.0,2.6,1472.0
124522,2010,Boca do Acre,Amazônia,21962,2053.3,19726.1,58.5,124.1
124523,2011,Boca do Acre,Amazônia,21962,2111.9,19667.5,58.5,124.1
124524,2012,Boca do Acre,Amazônia,21962,2165.4,19614.0,58.5,124.1
124525,2001,Boca do Acre,Amazônia,21962,1264.8,20514.6,58.5,124.1
124526,2017,Boca do Acre,Amazônia,21962,2500.4,19279.0,58.5,124.1
124527,2020,Boca do Acre,Amazônia,21962,2893.9,18885.5,58.5,124.1
124528,2003,Boca do Acre,Amazônia,21962,1637.0,20142.4,58.5,124.1
124529,2008,Boca do Acre,Amazônia,21962,1977.7,19801.7,58.5,124.1
124530,2016,Boca do Acre,Amazônia,21962,2406.2,19373.2,58.5,124.1
124531,2006,Boca do Acre,Amazônia,21962,1905.4,19874.0,58.5,124.1
124532,2009,Boca do Acre,Amazônia,21962,2001.9,19777.5,58.5,124.1
124533,2015,Boca do Acre,Amazônia,21962,2317.8,19461.6,58.5,124.1
124534,2005,Boca do Acre,Amazônia,21962,1829.9,19949.5,58.5,124.1
124535,2021,Boca do Acre,Amazônia,21962,3094.1,18685.3,58.5,124.1
124536,2007,Boca do Acre,Amazônia,21962,1939.5,19839.9,58.5,124.1
124537,2014,Boca do Acre,Amazônia,21962,2271.6,19507.8,58.5,124.1
124538,2022,Boca do Acre,Amazônia,21962,3274.4,18505.0,58.5,124.1
124539,2000,Boca do Acre,Amazônia,21962,1209.9,20569.5,58.5,124.1
124540,2013,Boca do Acre,Amazônia,21962,2199.0,19580.4,58.5,124.1
124541,2002,Boca do Acre,Amazônia,21962,1379.4,20400.0,58.5,124.1
124542,2019,Boca do Acre,Amazônia,21962,2751.8,19027.6,58.5,124.1
124543,2018,Boca do Acre,Amazônia,21962,2607.7,19171.7,58.5,124.1
124544,2004,Boca do Acre,Amazônia,21962,1768.4,20011.0,58.5,124.1
125557,2011,Maraã,Amazônia,17100,114.9,14630.3,596.6,1758.2
125558,2009,Maraã,Amazônia,17100,108.6,14636.6,596.6,1758.2
125559,2013,Maraã,Amazônia,17100,116.9,14628.3,596.6,1758.2
125560,2001,Maraã,Amazônia,17100,86.6,14658.6,596.6,1758.2
125561,2015,Maraã,Amazônia,17100,119.3,14625.9,596.6,1758.2
125562,2008,Maraã,Amazônia,17100,108.1,14637.1,596.6,1758.2
125563,2012,Maraã,Amazônia,17100,115.7,14629.5,596.6,1758.2
125564,2014,Maraã,Amazônia,17100,119.2,14626.0,596.6,1758.2
125565,2020,Maraã,Amazônia,17100,125.0,14620.2,596.6,1758.2
125566,2006,Maraã,Amazônia,17100,104.7,14640.5,596.6,1758.2
125567,2004,Maraã,Amazônia,17100,102.3,14642.9,596.6,1758.2
125568,2005,Maraã,Amazônia,17100,103.8,14641.4,596.6,1758.2
125569,2003,Maraã,Amazônia,17100,101.5,14643.7,596.6,1758.2
125570,2007,Maraã,Amazônia,17100,105.1,14640.1,596.6,1758.2
125571,2022,Maraã,Amazônia,17100,127.4,14617.8,596.6,1758.2
125572,2010,Maraã,Amazônia,17100,114.3,14630.9,596.6,1758.2
125573,2018,Maraã,Amazônia,17100,123.1,14622.1,596.6,1758.2
125574,2017,Maraã,Amazônia,17100,122.0,14623.2,596.6,1758.2
125575,2002,Maraã,Amazônia,17100,87.9,14657.3,596.6,1758.2
125576,2019,Maraã,Amazônia,17100,124.1,14621.1,596.6,1758.2
125577,2021,Maraã,Amazônia,17100,127.0,14618.2,596.6,1758.2
125578,2016,Maraã,Amazônia,17100,121.0,14624.2,596.6,1758.2
125579,2000,Maraã,Amazônia,17100,74.9,14670.3,596.6,1758.2
127696,2006,Itamarati,Amazônia,25296,116.7,24888.0,3.1,288.2
127697,2019,Itamarati,Amazônia,25296,136.5,24868.2,3.1,288.2
127698,2001,Itamarati,Amazônia,25296,103.9,24900.8,3.1,288.2
127699,2011,Itamarati,Amazônia,25296,126.1,24878.6,3.1,288.2
127700,2020,Itamarati,Amazônia,25296,137.8,24866.9,3.1,288.2
127701,2018,Itamarati,Amazônia,25296,135.5,24869.2,3.1,288.2
127702,2015,Itamarati,Amazônia,25296,133.3,24871.4,3.1,288.2
127703,2002,Itamarati,Amazônia,25296,109.4,24895.3,3.1,288.2
127704,2010,Itamarati,Amazônia,25296,124.6,24880.1,3.1,288.2
127705,2016,Itamarati,Amazônia,25296,133.9,24870.8,3.1,288.2
127706,2003,Itamarati,Amazônia,25296,112.3,24892.4,3.1,288.2
127707,2007,Itamarati,Amazônia,25296,118.8,24885.9,3.1,288.2
127708,2008,Itamarati,Amazônia,25296,120.3,24884.4,3.1,288.2
127709,2022,Itamarati,Amazônia,25296,142.4,24862.3,3.1,288.2
127710,2021,Itamarati,Amazônia,25296,138.9,24865.8,3.1,288.2
127711,2013,Itamarati,Amazônia,25296,129.1,24875.6,3.1,288.2
127712,2012,Itamarati,Amazônia,25296,127.6,24877.1,3.1,288.2
127713,2004,Itamarati,Amazônia,25296,112.9,24891.8,3.1,288.2
127714,2017,Itamarati,Amazônia,25296,134.7,24870.0,3.1,288.2
127715,2014,Itamarati,Amazônia,25296,132.3,24872.4,3.1,288.2
127716,2009,Itamarati,Amazônia,25296,121.3,24883.4,3.1,288.2
127717,2005,Itamarati,Amazônia,25296,115.3,24889.4,3.1,288.2
127718,2000,Itamarati,Amazônia,25296,98.4,24906.3,3.1,288.2
129904,2018,Santa Isabel do Rio Negro,Amazônia,62932,219.8,61141.9,946.9,623.4
129905,2020,Santa Isabel do Rio Negro,Amazônia,62932,224.0,61137.7,946.9,623.4
129906,2014,Santa Isabel do Rio Negro,Amazônia,62932,217.4,61144.3,946.9,623.4
129907,2021,Santa Isabel do Rio Negro,Amazônia,62932,225.7,61136.0,946.9,623.4
129908,2013,Santa Isabel do Rio Negro,Amazônia,62932,216.5,61145.2,946.9,623.4
129909,2002,Santa Isabel do Rio Negro,Amazônia,62932,195.2,61166.5,946.9,623.4
129910,2005,Santa Isabel do Rio Negro,Amazônia,62932,205.2,61156.5,946.9,623.4
129911,2022,Santa Isabel do Rio Negro,Amazônia,62932,225.8,61135.9,946.9,623.4
129912,2012,Santa Isabel do Rio Negro,Amazônia,62932,216.4,61145.3,946.9,623.4
129913,2010,Santa Isabel do Rio Negro,Amazônia,62932,213.1,61148.6,946.9,623.4
129914,2000,Santa Isabel do Rio Negro,Amazônia,62932,186.6,61175.1,946.9,623.4
129915,2006,Santa Isabel do Rio Negro,Amazônia,62932,205.5,61156.2,946.9,623.4
129916,2003,Santa Isabel do Rio Negro,Amazônia,62932,202.1,61159.6,946.9,623.4
129917,2016,Santa Isabel do Rio Negro,Amazônia,62932,218.4,61143.3,946.9,623.4
129918,2009,Santa Isabel do Rio Negro,Amazônia,62932,207.4,61154.3,946.9,623.4
129919,2004,Santa Isabel do Rio Negro,Amazônia,62932,203.9,61157.8,946.9,623.4
129920,2008,Santa Isabel do Rio Negro,Amazônia,62932,207.3,61154.4,946.9,623.4
129921,2019,Santa Isabel do Rio Negro,Amazônia,62932,222.9,61138.8,946.9,623.4
129922,2007,Santa Isabel do Rio Negro,Amazônia,62932,206.0,61155.7,946.9,623.4
129923,2015,Santa Isabel do Rio Negro,Amazônia,62932,217.9,61143.8,946.9,623.4
129924,2001,Santa Isabel do Rio Negro,Amazônia,62932,192.5,61169.2,946.9,623.4
129925,2017,Santa Isabel do Rio Negro,Amazônia,62932,219.1,61142.6,946.9,623.4
129926,2011,Santa Isabel do Rio Negro,Amazônia,62932,215.0,61146.7,946.9,623.4
132043,2021,Apuí,Amazônia,54232,3308.6,50067.7,634.5,221.2
132044,2016,Apuí,Amazônia,54232,2103.7,51272.6,634.5,221.2
132045,2002,Apuí,Amazônia,54232,1046.0,52330.3,634.5,221.2
132046,2014,Apuí,Amazônia,54232,1835.4,51540.9,634.5,221.2
132047,2017,Apuí,Amazônia,54232,2273.2,51103.1,634.5,221.2
132048,2005,Apuí,Amazônia,54232,1192.0,52184.3,634.5,221.2
132049,2009,Apuí,Amazônia,54232,1500.6,51875.7,634.5,221.2
132050,2012,Apuí,Amazônia,54232,1669.3,51707.0,634.5,221.2
132051,2004,Apuí,Amazônia,54232,1046.1,52330.2,634.5,221.2
132052,2007,Apuí,Amazônia,54232,1366.4,52009.9,634.5,221.2
132053,2019,Apuí,Amazônia,54232,2719.1,50657.2,634.5,221.2
132054,2011,Apuí,Amazônia,54232,1595.4,51780.9,634.5,221.2
132055,2008,Apuí,Amazônia,54232,1436.6,51939.7,634.5,221.2
132056,2022,Apuí,Amazônia,54232,4040.3,49336.0,634.5,221.2
132057,2010,Apuí,Amazônia,54232,1546.9,51829.4,634.5,221.2
132058,2015,Apuí,Amazônia,54232,1942.4,51433.9,634.5,221.2
132059,2013,Apuí,Amazônia,54232,1755.4,51620.9,634.5,221.2
132060,2018,Apuí,Amazônia,54232,2431.4,50944.9,634.5,221.2
132061,2003,Apuí,Amazônia,54232,1046.0,52330.3,634.5,221.2
132062,2000,Apuí,Amazônia,54232,955.9,52420.4,634.5,221.2
132063,2020,Apuí,Amazônia,54232,2978.7,50397.6,634.5,221.2
132064,2006,Apuí,Amazônia,54232,1272.4,52103.9,634.5,221.2
132065,2001,Apuí,Amazônia,54232,1013.1,52363.2,634.5,221.2
133101,2016,Careiro,Amazônia,6106,1126.8,4576.9,84.1,318.2
133102,2020,Careiro,Amazônia,6106,1136.2,4567.5,84.1,318.2
133103,2001,Careiro,Amazônia,6106,1001.9,4701.8,84.1,318.2
133104,2005,Careiro,Amazônia,6106,1078.3,4625.4,84.1,318.2
133105,2012,Careiro,Amazônia,6106,1115.7,4588.0,84.1,318.2
133106,2018,Careiro,Amazônia,6106,1129.3,4574.4,84.1,318.2
133107,2003,Careiro,Amazônia,6106,1062.8,4640.9,84.1,318.2
133108,2004,Careiro,Amazônia,6106,1073.7,4630.0,84.1,318.2
133109,2015,Careiro,Amazônia,6106,1125.3,4578.4,84.1,318.2
133110,2002,Careiro,Amazônia,6106,1030.0,4673.7,84.1,318.2
133111,2006,Careiro,Amazônia,6106,1084.8,4618.9,84.1,318.2
133112,2022,Careiro,Amazônia,6106,1149.4,4554.3,84.1,318.2
133113,2017,Careiro,Amazônia,6106,1128.4,4575.3,84.1,318.2
133114,2013,Careiro,Amazônia,6106,1119.7,4584.0,84.1,318.2
133115,2010,Careiro,Amazônia,6106,1109.6,4594.1,84.1,318.2
133116,2019,Careiro,Amazônia,6106,1131.8,4571.9,84.1,318.2
133117,2008,Careiro,Amazônia,6106,1093.6,4610.1,84.1,318.2
133118,2021,Careiro,Amazônia,6106,1143.1,4560.6,84.1,318.2
133119,2007,Careiro,Amazônia,6106,1087.3,4616.4,84.1,318.2
133120,2014,Careiro,Amazônia,6106,1120.2,4583.5,84.1,318.2
133121,2011,Careiro,Amazônia,6106,1114.4,4589.3,84.1,318.2
133122,2000,Careiro,Amazônia,6106,964.4,4739.3,84.1,318.2
133123,2009,Careiro,Amazônia,6106,1099.1,4604.6,84.1,318.2
134642,2006,São Gabriel da Cachoeira,Amazônia,108765,1170.7,105669.3,480.1,1444.9
134643,2019,São Gabriel da Cachoeira,Amazônia,108765,1215.6,105624.4,480.1,1444.9
134644,2003,São Gabriel da Cachoeira,Amazônia,108765,1160.7,105679.3,480.1,1444.9
134645,2016,São Gabriel da Cachoeira,Amazônia,108765,1206.6,105633.4,480.1,1444.9
134646,2015,São Gabriel da Cachoeira,Amazônia,108765,1204.9,105635.1,480.1,1444.9
134647,2017,São Gabriel da Cachoeira,Amazônia,108765,1207.5,105632.5,480.1,1444.9
134648,2022,São Gabriel da Cachoeira,Amazônia,108765,1229.9,105610.1,480.1,1444.9
134649,2014,São Gabriel da Cachoeira,Amazônia,108765,1204.4,105635.6,480.1,1444.9
134650,2002,São Gabriel da Cachoeira,Amazônia,108765,1141.3,105698.7,480.1,1444.9
134651,2001,São Gabriel da Cachoeira,Amazônia,108765,1110.7,105729.3,480.1,1444.9
134652,2008,São Gabriel da Cachoeira,Amazônia,108765,1180.2,105659.8,480.1,1444.9
134653,2018,São Gabriel da Cachoeira,Amazônia,108765,1209.3,105630.7,480.1,1444.9
134654,2013,São Gabriel da Cachoeira,Amazônia,108765,1202.4,105637.6,480.1,1444.9
134655,2011,São Gabriel da Cachoeira,Amazônia,108765,1198.4,105641.6,480.1,1444.9
134656,2004,São Gabriel da Cachoeira,Amazônia,108765,1165.2,105674.8,480.1,1444.9
134657,2000,São Gabriel da Cachoeira,Amazônia,108765,1043.5,105796.5,480.1,1444.9
134658,2010,São Gabriel da Cachoeira,Amazônia,108765,1194.4,105645.6,480.1,1444.9
134659,2012,São Gabriel da Cachoeira,Amazônia,108765,1201.1,105638.9,480.1,1444.9
134660,2005,São Gabriel da Cachoeira,Amazônia,108765,1169.7,105670.3,480.1,1444.9
134661,2021,São Gabriel da Cachoeira,Amazônia,108765,1227.5,105612.5,480.1,1444.9
134662,2007,São Gabriel da Cachoeira,Amazônia,108765,1171.0,105669.0,480.1,1444.9
134663,2009,São Gabriel da Cachoeira,Amazônia,108765,1184.6,105655.4,480.1,1444.9
134664,2020,São Gabriel da Cachoeira,Amazônia,108765,1221.9,105618.1,480.1,1444.9
140921,2015,Anori,Amazônia,5866,82.9,4685.5,633.8,463.8
140922,2022,Anori,Amazônia,5866,84.5,4683.9,633.8,463.8
140923,2010,Anori,Amazônia,5866,79.8,4688.6,633.8,463.8
140924,2001,Anori,Amazônia,5866,70.7,4697.7,633.8,463.8
140925,2007,Anori,Amazônia,5866,77.8,4690.6,633.8,463.8
140926,2013,Anori,Amazônia,5866,81.8,4686.6,633.8,463.8
140927,2004,Anori,Amazônia,5866,75.2,4693.2,633.8,463.8
140928,2016,Anori,Amazônia,5866,83.2,4685.2,633.8,463.8
140929,2000,Anori,Amazônia,5866,69.5,4698.9,633.8,463.8
140930,2014,Anori,Amazônia,5866,82.4,4686.0,633.8,463.8
140931,2003,Anori,Amazônia,5866,74.1,4694.3,633.8,463.8
140932,2009,Anori,Amazônia,5866,79.3,4689.1,633.8,463.8
140933,2021,Anori,Amazônia,5866,84.3,4684.1,633.8,463.8
140934,2005,Anori,Amazônia,5866,77.2,4691.2,633.8,463.8
140935,2002,Anori,Amazônia,5866,72.1,4696.3,633.8,463.8
140936,2012,Anori,Amazônia,5866,81.0,4687.4,633.8,463.8
140937,2008,Anori,Amazônia,5866,78.8,4689.6,633.8,463.8
140938,2017,Anori,Amazônia,5866,83.4,4685.0,633.8,463.8
140939,2020,Anori,Amazônia,5866,83.8,4684.6,633.8,463.8
140940,2006,Anori,Amazônia,5866,77.8,4690.6,633.8,463.8
140941,2018,Anori,Amazônia,5866,83.5,4684.9,633.8,463.8
140942,2019,Anori,Amazônia,5866,83.5,4684.9,633.8,463.8
140943,2011,Anori,Amazônia,5866,80.4,4688.0,633.8,463.8
144486,2005,Urucurituba,Amazônia,2802,92.5,32.9,1690.7,985.9
144487,2000,Urucurituba,Amazônia,2802,82.3,43.1,1690.7,985.9
144488,2003,Urucurituba,Amazônia,2802,91.9,33.5,1690.7,985.9
144489,2006,Urucurituba,Amazônia,2802,92.8,32.6,1690.7,985.9
144490,2002,Urucurituba,Amazônia,2802,89.5,35.9,1690.7,985.9
144491,2008,Urucurituba,Amazônia,2802,93.7,31.7,1690.7,985.9
144492,2021,Urucurituba,Amazônia,2802,98.6,26.8,1690.7,985.9
144493,2020,Urucurituba,Amazônia,2802,97.8,27.6,1690.7,985.9
144494,2014,Urucurituba,Amazônia,2802,97.0,28.4,1690.7,985.9
144495,2013,Urucurituba,Amazônia,2802,96.1,29.3,1690.7,985.9
144496,2016,Urucurituba,Amazônia,2802,97.2,28.2,1690.7,985.9
144497,2017,Urucurituba,Amazônia,2802,97.3,28.1,1690.7,985.9
144498,2015,Urucurituba,Amazônia,2802,97.1,28.3,1690.7,985.9
144499,2022,Urucurituba,Amazônia,2802,100.0,25.4,1690.7,985.9
144500,2018,Urucurituba,Amazônia,2802,97.3,28.1,1690.7,985.9
144501,2011,Urucurituba,Amazônia,2802,95.3,30.1,1690.7,985.9
144502,2001,Urucurituba,Amazônia,2802,89.5,35.9,1690.7,985.9
144503,2004,Urucurituba,Amazônia,2802,92.1,33.3,1690.7,985.9
144504,2012,Urucurituba,Amazônia,2802,95.3,30.1,1690.7,985.9
144505,2019,Urucurituba,Amazônia,2802,97.7,27.7,1690.7,985.9
144506,2009,Urucurituba,Amazônia,2802,93.7,31.7,1690.7,985.9
144507,2007,Urucurituba,Amazônia,2802,93.1,32.3,1690.7,985.9
144508,2010,Urucurituba,Amazônia,2802,94.7,30.7,1690.7,985.9
144578,2010,Coari,Amazônia,57842,767.5,53506.5,818.8,2749.2
144579,2021,Coari,Amazônia,57842,800.4,53473.6,818.8,2749.2
144580,2004,Coari,Amazônia,57842,751.2,53522.8,818.8,2749.2
144581,2001,Coari,Amazônia,57842,727.0,53547.0,818.8,2749.2
144582,2012,Coari,Amazônia,57842,772.3,53501.7,818.8,2749.2
144583,2005,Coari,Amazônia,57842,753.3,53520.7,818.8,2749.2
144584,2011,Coari,Amazônia,57842,771.3,53502.7,818.8,2749.2
144585,2013,Coari,Amazônia,57842,776.4,53497.6,818.8,2749.2
144586,2016,Coari,Amazônia,57842,783.8,53490.2,818.8,2749.2
144587,2000,Coari,Amazônia,57842,711.1,53562.9,818.8,2749.2
144588,2017,Coari,Amazônia,57842,785.9,53488.1,818.8,2749.2
144589,2022,Coari,Amazônia,57842,802.3,53471.7,818.8,2749.2
144590,2015,Coari,Amazônia,57842,780.5,53493.5,818.8,2749.2
144591,2003,Coari,Amazônia,57842,746.7,53527.3,818.8,2749.2
144592,2014,Coari,Amazônia,57842,779.8,53494.2,818.8,2749.2
144593,2002,Coari,Amazônia,57842,733.2,53540.8,818.8,2749.2
144594,2009,Coari,Amazônia,57842,760.5,53513.5,818.8,2749.2
144595,2006,Coari,Amazônia,57842,753.4,53520.6,818.8,2749.2
144596,2019,Coari,Amazônia,57842,791.4,53482.6,818.8,2749.2
144597,2007,Coari,Amazônia,57842,756.8,53517.2,818.8,2749.2
144598,2020,Coari,Amazônia,57842,795.3,53478.7,818.8,2749.2
144599,2018,Coari,Amazônia,57842,787.9,53486.1,818.8,2749.2
144600,2008,Coari,Amazônia,57842,759.9,53514.1,818.8,2749.2
146993,2021,Caapiranga,Amazônia,9463,255.2,8593.8,185.7,428.3
146994,2005,Caapiranga,Amazônia,9463,231.0,8618.0,185.7,428.3
146995,2011,Caapiranga,Amazônia,9463,241.2,8607.8,185.7,428.3
146996,2012,Caapiranga,Amazônia,9463,241.6,8607.4,185.7,428.3
146997,2004,Caapiranga,Amazônia,9463,230.1,8618.9,185.7,428.3
146998,2008,Caapiranga,Amazônia,9463,232.5,8616.5,185.7,428.3
146999,2002,Caapiranga,Amazônia,9463,217.2,8631.8,185.7,428.3
147000,2016,Caapiranga,Amazônia,9463,247.7,8601.3,185.7,428.3
147001,2022,Caapiranga,Amazônia,9463,256.0,8593.0,185.7,428.3
147002,2015,Caapiranga,Amazônia,9463,247.0,8602.0,185.7,428.3
147003,2013,Caapiranga,Amazônia,9463,242.0,8607.0,185.7,428.3
147004,2001,Caapiranga,Amazônia,9463,212.2,8636.8,185.7,428.3
147005,2000,Caapiranga,Amazônia,9463,203.1,8645.9,185.7,428.3
147006,2007,Caapiranga,Amazônia,9463,232.3,8616.7,185.7,428.3
147007,2010,Caapiranga,Amazônia,9463,240.3,8608.7,185.7,428.3
147008,2017,Caapiranga,Amazônia,9463,248.8,8600.2,185.7,428.3
147009,2019,Caapiranga,Amazônia,9463,250.7,8598.3,185.7,428.3
147010,2003,Caapiranga,Amazônia,9463,227.5,8621.5,185.7,428.3
147011,2018,Caapiranga,Amazônia,9463,249.7,8599.3,185.7,428.3
147012,2006,Caapiranga,Amazônia,9463,231.1,8617.9,185.7,428.3
147013,2014,Caapiranga,Amazônia,9463,243.3,8605.7,185.7,428.3
147014,2020,Caapiranga,Amazônia,9463,253.2,8595.8,185.7,428.3
147015,2009,Caapiranga,Amazônia,9463,234.7,8614.3,185.7,428.3
